input_Timepoint (hr),output_OD600,output_WCW_gl,output_agitation,output_air_%,output_D0_%,output_gasflow,output_O2,output_Ph,output_feed_%,output_feed,output_Temp,output_glycerol_gl,output_glucose_gl,output_acetate_mmol_l,output_phosphate_mmol_l
0.0,0.353,,1185.44,100.0,96.81,5.01,0.0,6.91,0.0,0.0,30.19,6.43,0.243,1.95,18.0
2.0,0.547,,1185.32,100.0,97.95,5.0,0.0,6.77534103393555,0.0,0.0,29.99,,,,
4.0,1.59,,1185.22,100.0,94.6,5.0,0.0,6.85,0.0,0.0,30.01,,,,
6.0,4.46,,1184.83,100.0,82.45,5.0,0.0,6.78,0.0,0.0,30.04,,,,
8.0,11.32,,1184.5,100.0,66.11,5.0,0.0,6.71,0.0,0.0,29.99,0.0,0.0,15.61,14.47
8.5,,,1184.75,100.0,57.77,5.0,0.0,6.72,0.0,0.0,29.99,,,,
8.6,16.3,50.0,1184.95,100.0,54.25,5.0,0.0,6.72,0.0,0.0,29.99,,,,
8.75,,50.0,1185.07,100.0,70.62,5.01,0.0,6.86,7.06,0.24004,29.98,,,,
10.0,23.4,64.9999999999999,1185.04,100.0,72.47,5.0,0.0,6.76,9.04,0.30736,29.98,0.01,0.0,0.37,10.22
12.0,36.2,91.5,1184.95,100.0,50.14,5.0,0.0,6.73,13.48,0.45832,29.99,0.01,0.0,0.37,9.11
14.0,43.3,121.0,1185.06,96.71,38.63,4.96,3.28,6.75,20.16,0.68544,30.01,0.01,0.7781,1.77,8.22
16.0,50.9,149.0,1185.04,99.15,38.48,4.96,0.85,6.78,17.9,0.6086,29.93,0.01,3.57794,2.43,7.84
18.0,59.0,171.5,1184.6,98.72,36.19,4.96,1.28,6.72,17.9,0.6086,30.01,0.01,0.0,0.87,2.45
20.0,66.4,189.5,1184.89,98.58,38.73,4.96,1.44,6.77,17.9,0.6086,30.01,0.0,0.0,0.56,0.0
22.0,76.8,198.5,1185.34,96.61,39.93,4.93,3.39,6.72,17.9,0.6086,29.97,0.0,0.0,0.7,0.0
24.0,77.8,207.5,1184.83,95.93,37.88,4.88,4.1,6.71,17.9,0.6086,29.99,0.0,0.0,1.59,0.0
28.0,84.8,212.5,1184.7,95.35,39.71,4.85,4.65,6.73,17.9,0.6086,30.02,0.01,1.5209,2.32,0.0
32.0,95.0,215.5,1184.57,95.17,40.41,4.83,4.83,6.7,17.9,0.6086,29.99,0.01,5.54182,1.79,0.0
36.0,91.8,222.0,1185.35,97.61,40.38,4.88,2.39,6.71,12.5,0.425,29.98,0.01,2.25493,2.15,0.0
40.0,98.4,204.5,1185.14,98.72,40.65,4.88,1.28,6.74,12.5,0.425,29.99,0.01,0.15725,1.82,0.0
44.0,98.6,200.0,1185.18,99.37,39.81,4.92,0.63,6.73,12.5,0.425,30.01,0.0,0.0,0.69,0.0
48.0,98.6,200.5,1184.93,99.48,40.11,4.9,0.52,6.73,12.5,0.425,30.0,0.01,0.0,0.78,0.0
0.0,0.421,,1185.88,100.0,97.67,5.0,0.0,6.73,0.0,0.0,30.01,4.8,0.24,1.39,15.25
2.0,0.61,,1184.66,100.0,97.96,5.0,0.0,6.89,0.0,0.0,30.01,,,,
4.0,1.8,,1184.56,100.0,98.66,5.0,0.0,6.84,0.0,0.0,30.01,,,,
6.0,4.61,,1184.6,100.0,81.92,5.0,0.0,6.74,0.0,0.0,30.02,,,,
8.0,11.84,,1184.74,100.0,43.67,5.0,0.0,6.87,0.0,0.0,30.04,0.0,0.0,12.63,11.6
8.5,16.4,50.9999999999999,1185.13,100.0,40.58,5.0,0.0,6.78,0.0,0.0,30.01,,,,
8.6,,,1184.97,100.0,68.44,5.0,0.0,6.9,7.14,0.24276,29.96,,,,
8.75,,51.0,1185.23,99.79,37.85,5.0,0.21,6.91,7.34,0.24956,30.03,,,,
10.0,25.1,63.9999999999999,1184.75,100.0,61.1,5.0,0.0,6.76,9.39,0.31926,30.0,0.01,0.0,0.44,9.7
12.0,36.7,94.0000000000001,1185.18,100.0,42.08,5.0,0.0,6.86,14.0,0.476,30.01,0.0,0.0,0.42,10.14
14.0,44.2,115.0,1184.76,96.92,39.4,4.93,3.08,6.71,20.87,0.70958,30.02,0.0,1.132,1.64,7.25
16.0,49.3,143.0,1185.23,88.1,38.56,4.73,11.9,6.72,17.9,0.6086,30.03,0.01,3.55543,2.43,5.13
18.0,58.0,171.0,1185.27,98.25,35.26,4.95,1.74,6.71,17.9,0.6086,30.0,0.0,0.0,0.91,2.51
20.0,65.3,187.0,1185.43,99.03,39.09,4.99,0.97,6.77,17.9,0.6086,29.99,0.0,0.0,0.66,0.36
22.0,75.6,202.5,1185.49,95.76,39.11,4.88,4.26,6.72,17.9,0.6086,30.02,0.0,0.0,0.72,0.0
24.0,79.2,209.0,1185.18,94.21,40.09,4.84,5.8,6.69,17.9,0.6086,30.0,0.0,0.0,0.99,0.0
28.0,82.6,215.5,1185.45,94.73,40.59,4.82,5.27,6.7,17.9,0.6086,30.01,0.01,0.59242,3.58,0.0
32.0,96.6,215.5,1185.23,94.92,40.46,4.84,5.08,6.71,17.9,0.6086,29.99,0.02,4.10252,1.77,0.0
36.0,92.0,224.0,1184.83,96.65,39.68,4.88,3.35,6.73,12.5,0.425,29.98,0.0,0.83563,2.6,0.0
40.0,97.0,207.0,1184.38,98.05,39.45,4.94,1.95,6.7,12.5,0.425,30.01,0.01,0.0,0.78,0.0
44.0,99.6,209.5,1185.46,97.96,40.83,4.93,2.04,6.76,12.5,0.425,30.01,0.01,0.0,0.67,0.0
48.0,98.0,211.0,1185.32,97.43,39.17,4.89,2.57,6.76,12.5,0.425,30.0,0.02,0.0,0.7,0.0
0.0,0.322,,1185.31,100.0,97.25,5.01,0.0,6.75,0.0,0.0,30.01,4.74,0.24,1.3,18.02
2.0,0.521,,1185.06,100.0,91.32,5.0,0.0,6.84,0.0,0.0,29.99,,,,
4.0,1.7,,1184.75,100.0,86.35,5.0,0.0,6.87,0.0,0.0,29.98,,,,
6.0,4.45,,1184.76,100.0,74.17,5.0,0.0,6.74,0.0,0.0,30.01,,,,
8.0,11.12,,1184.69,100.0,54.39,5.0,0.0,6.73,0.0,0.0,30.0,0.0,0.0,17.36,11.64
8.5,,,1185.16,100.0,47.72,5.0,0.0,6.7,0.0,0.0,30.03,,,,
8.6,,,1184.47,100.0,45.71,5.0,0.0,6.7,0.0,0.0,30.02,,,,
8.75,16.5,51.9999999999999,1185.19,100.0,54.68,5.01,0.0,6.76,0.0,0.0,30.0,,,,
10.0,23.1,65.5,1185.14,100.0,57.49,5.0,0.0,6.76,8.89,0.30226,29.98,0.0,0.0,0.33,10.67
12.0,34.4,91.5,1184.33,100.0,43.08,5.0,0.0,6.71,13.21,0.44914,29.97,0.0,0.0,0.46,10.54
14.0,44.0,122.0,1185.06,95.3,39.59,4.99,4.7,6.7,19.78,0.67252,30.03,0.0,0.70433,1.34,7.54
16.0,49.8,145.0,1185.32,95.74,50.73,4.99,4.25,6.8,17.9,0.6086,29.91,0.01,3.18216,1.87,6.35
18.0,59.3,177.0,1184.86,96.34,38.95,4.99,3.66,6.73,17.9,0.6086,30.0,0.0,0.0,0.75,2.32
20.0,66.6,191.5,1184.9,95.84,40.18,5.0,4.16,6.82,17.9,0.6086,30.02,0.0,0.0,1.45,0.0
22.0,73.4,211.0,1184.43,93.35,40.71,4.98,6.63,6.71,17.9,0.6086,29.99,0.01,0.0,1.03,0.0
24.0,80.0,212.0,1185.56,93.91,40.35,5.0,6.09,6.74,17.9,0.6086,30.04,0.01,1.02133,2.0,0.0
28.0,84.2,214.0,1184.82,93.35,40.72,5.0,6.65,6.71,17.9,0.6086,30.0,0.01,4.29759,2.89,0.0
32.0,96.4,216.5,1184.88,94.15,39.49,5.0,5.85,6.72,12.53,0.42602,30.0,0.01,5.4049,1.79,0.0
36.0,95.0,217.0,1185.06,100.0,40.73,5.01,0.0,6.78,8.8,0.2992,30.03,0.01,0.0,1.04,0.0
40.0,95.0,204.0,1184.9,100.0,41.59,5.0,0.0,6.71,8.8,0.2992,30.01,0.01,0.0,0.67,0.0
44.0,97.4,201.0,1185.44,100.0,40.34,5.0,0.0,6.71,8.8,0.2992,30.01,0.01,0.0,0.53,0.0
48.0,100.0,205.5,1185.09,100.0,41.04,4.97,0.0,6.71,8.8,0.2992,30.0,0.01,0.0,0.57,0.0
0.0,0.363,,1184.84,100.0,98.53,5.0,0.0,6.71,0.0,0.0,30.09,1.08,0.24,1.32,16.72
2.0,0.582,,1184.79,100.0,96.29,5.0,0.0,6.82,0.0,0.0,29.98,,,,
4.0,1.79,,1184.84,100.0,90.76,5.0,0.0,6.85,0.0,0.0,30.0,,,,
6.0,4.64,,1184.68,100.0,77.19,5.0,0.0,6.76,0.0,0.0,30.0,,,,
8.0,11.18,,1184.96,100.0,58.08,5.0,0.0,6.71,0.0,0.0,30.0,0.0,0.0,13.02,11.01
8.5,,,1184.77,100.0,50.48,5.0,0.0,6.7,0.0,0.0,30.0,,,,
8.6,16.5,48.9999999999999,1184.61,100.0,49.44,5.0,0.0,6.7,0.0,0.0,30.04,,,,
8.75,,49.0,1185.14,100.0,56.85,5.0,0.0,6.84,7.06,0.24004,29.94,,,,
10.0,23.7,65.5,1184.58,100.0,63.91,5.0,0.0,6.75,9.06,0.30804,30.0,0.0,0.0,0.3,9.95
12.0,36.0,95.0,1185.07,100.0,46.09,5.0,0.0,6.71,13.47,0.45798,30.01,0.0,0.0,0.33,8.76
14.0,44.7,125.0,1184.56,94.78,39.11,4.92,5.22,6.74,20.15,0.6851,29.95,0.01,1.01008,1.33,7.78
16.0,50.8,152.0,1184.77,84.26,30.71,5.08,15.74,6.71,17.9,0.6086,30.12,0.01,2.90143,2.4,5.31
18.0,60.8,179.5,1184.85,95.78,39.06,4.89,4.02,6.72,17.9,0.6086,30.0,0.0,0.0,0.65,1.16
20.0,67.6,193.5,1185.56,93.61,40.43,5.04,6.39,6.72,17.9,0.6086,29.99,0.0,0.0,0.45,0.0
22.0,77.6,208.0,1185.27,91.34,40.94,5.21,8.66,6.7,17.9,0.6086,30.0,0.0,0.0,0.81,0.0
24.0,81.4,208.5,1185.13,92.62,39.54,5.3,7.38,6.76,17.9,0.6086,29.98,0.01,0.0,1.72,0.0
28.0,86.8,213.5,1185.07,89.96,40.31,5.0,10.04,6.7,17.9,0.6086,29.98,0.01,1.16514,3.22,0.0
32.0,98.4,214.5,1185.48,91.99,40.4,5.22,8.01,6.74,17.9,0.6086,29.98,0.0,5.11541,1.66,0.0
36.0,94.0,219.0,1184.78,95.45,40.26,5.0,4.55,6.7,12.5,0.425,30.01,0.01,1.96607,2.15,0.0
40.0,97.6,204.0,1184.98,97.35,39.78,5.0,2.63,6.73,12.5,0.425,29.93,0.01,0.0,1.38,0.0
44.0,99.6,202.0,1184.78,99.1,40.51,5.0,0.9,6.73,12.5,0.425,30.02,0.0,0.0,0.66,0.0
48.0,103.2,204.0,1185.3,99.35,40.25,5.0,0.65,6.74,12.5,0.425,29.97,0.02,0.0,0.67,0.0
0.0,0.233,,1185.15600585937,100.0,97.1348266601562,5.00000095367432,0.0,6.39840602874756,0.0,0.0,30.08,,,,
2.0,0.412,,1184.75402832031,100.0,84.0090866088867,5.00000095367432,0.0,6.38707113265991,0.0,0.0,30.01,,,,
4.0,1.35,,1185.18200683594,100.0,78.1165466308594,5.00000095367432,0.0,6.39428377151489,0.0,0.0,30.01,,,,
6.0,3.59,,1185.13000488281,100.0,70.3319320678711,5.00000095367432,0.0,6.2537989616394,0.0,0.0,30.01,,,,
8.0,7.82,,1185.125,100.0,58.1576385498047,5.00000095367432,0.0,6.21498489379883,0.0,0.0,30.01,,,,
9.75,15.2,47.9999999999999,1185.083984375,100.0,48.9890785217285,5.00000095367432,0.0,6.39943599700928,0.0,0.0,30.0,,0.0,10.57,27.43
12.0,26.9,75.0,1184.81994628906,100.0,47.3240394592285,5.00000095367432,0.0,6.26925611495972,10.9,0.3706,30.0,,0.0,0.5,23.86
14.0,38.1,105.5,1184.84802246094,98.0302581787109,39.3772315979004,4.99994993209839,1.97052001953125,6.22357177734375,16.39,0.55726,30.01,,0.0,0.52,17.69
16.0,43.5,135.5,1184.92602539062,87.7060089111328,31.7656002044678,5.05999898910522,12.3064498901367,6.30085706710815,24.37,0.82858,30.06,,4.83577,2.51,14.0
18.0,51.6,175.5,1184.87805175781,90.7597732543945,42.0261688232422,5.03999996185303,9.23785781860352,6.22975492477417,17.9,0.6086,29.98,,0.0,3.77,5.83
20.0,60.3,189.5,1184.98400878906,93.9065093994141,37.5608215332031,5.02557706832886,6.11059617996216,6.34379196166992,17.9,0.6086,30.02,,0.0,0.82,0.01
22.0,69.0,203.5,1185.15698242187,88.3426818847656,39.4745407104492,5.04087591171265,11.6536502838135,6.27853012084961,17.9,0.6086,30.0,,0.0,1.09,0.08
24.0,80.2,206.5,1184.98596191406,89.2131881713867,39.571849822998,5.03999996185303,10.7874097824097,6.25311183929443,17.9,0.6086,30.0,,2.07337,1.74,0.0
28.0,86.4,198.0,1185.91003417969,93.9722518920898,39.7232093811035,5.00017213821411,6.02917909622192,6.19678020477295,17.9,0.6086,26.0,,14.51172,1.25,0.01
32.0,90.8,193.5,1186.30798339844,92.9405670166016,40.1448783874512,5.0837869644165,7.0597882270813,6.223228931427,12.5,0.425,25.99,,16.29574,1.62,0.0
36.0,88.8,190.0,1184.81896972656,93.405158996582,40.0583801269531,4.9842209815979,6.5947527885437,6.25585985183716,12.5,0.425,26.01,,18.36344,2.61,0.04
40.0,92.8,179.0,1185.16796875,94.7373275756836,40.3935585021973,4.94687795639038,5.26217985153198,6.24211978912354,8.75,0.2975,25.99,,17.85282,2.24,0.02
44.0,93.6,184.0,1184.97900390625,98.0489883422852,40.609790802002,4.98027801513672,1.94754004478455,6.23112916946411,6.12,0.20808,26.0,,11.57407,3.69,0.01
48.0,97.0,186.0,1184.60705566406,99.7067413330078,39.8529586791992,4.99999904632568,0.293384611606598,6.23353290557861,4.27,0.14518,26.0,,4.37495,5.26,0.0
0.0,0.232,,1185.23901367187,100.0,96.3794174194336,5.00000095367432,0.0,6.3892560005188,0.0,0.0,30.13,,,,
2.0,0.395,,1184.82897949219,100.0,82.7650375366211,5.00000095367432,0.0,6.39635419845581,0.0,0.0,30.01,,,,
4.0,1.41,,1184.77197265625,100.0,75.5858688354492,5.00000095367432,0.0,6.37979316711426,0.0,0.0,30.01,,,,
6.0,3.6,,1185.57397460937,100.0,65.8152465820312,5.00000286102295,0.0,6.22397899627686,0.0,0.0,30.04,,,,
8.0,7.86,,1185.43395996094,100.0,57.9045295715332,5.00000095367432,0.0,6.23411893844604,0.0,0.0,30.01,,,,
9.75,14.5,52.9999999999999,1184.78100585937,100.0,48.1339111328125,5.00000095367432,0.0,6.40176200866699,0.0,0.0,30.0,,0.0,9.7,26.21
12.0,26.9,73.5,1185.11401367187,100.0,47.4271507263184,5.00000095367432,0.0,6.24527311325073,10.89,0.37026,29.99,,0.0,0.41,22.67
14.0,38.8,106.0,1184.69799804687,97.7331314086914,38.4748916625977,5.14706516265869,2.27745389938354,6.22093677520752,16.39,0.55726,30.01,,0.0,0.48,18.34
16.0,41.9,133.0,1185.02905273437,91.3020629882812,34.4699287414551,4.91948080062866,8.70479965209961,6.22871112823486,24.37,0.82858,30.04,,4.16566,2.31,13.68
18.0,52.2,166.5,1185.22094726562,93.2139892578125,43.5833892822266,5.01999998092651,6.78121900558472,6.1851110458374,17.9,0.6086,29.97,,0.0,1.7,5.97
20.0,58.1,181.0,1184.88000488281,96.0534286499023,40.9299392700195,5.00368690490723,3.94533205032349,6.25980615615845,17.9,0.6086,30.01,,0.0,0.78,0.48
22.0,68.7,198.5,1185.3310546875,91.2608337402344,38.6608810424805,5.02111482620239,8.74093627929687,6.31320905685425,17.9,0.6086,30.04,,0.0,0.54,0.0
24.0,80.8,203.5,1184.68798828125,91.0148010253906,40.5207710266113,5.00000095367432,8.98516845703125,6.23851299285889,17.9,0.6086,30.02,,0.46271,1.6,0.0
28.0,85.4,199.5,1185.16198730469,94.5665588378906,40.1115989685059,5.00656318664551,5.43330383300781,6.25034189224243,17.9,0.6086,26.01,,10.6663,1.14,0.01
32.0,88.8,193.5,1184.6669921875,93.6624069213867,39.752010345459,5.006591796875,6.33790588378906,6.25913000106812,12.5,0.425,25.98,,11.42278,1.63,0.0
36.0,85.2,186.0,1184.98706054687,94.2826995849609,39.925609588623,4.99499893188477,5.71740293502808,6.2273588180542,12.5,0.425,25.98,,11.97122,2.96,0.08
40.0,90.0,180.0,1185.10595703125,95.8346710205078,40.1983909606934,4.99999094009399,4.16693878173828,6.21552896499634,8.75,0.2975,25.98,,11.42278,2.55,0.0
44.0,91.0,183.5,1185.13696289062,98.8924865722656,40.5207710266113,4.99999904632568,1.10623204708099,6.21992301940918,6.1,0.2074,26.0,,5.72589,5.77,0.0
48.0,82.0,188.0,1184.45397949219,97.7440872192383,38.6112785339355,4.98000001907349,2.25950598716736,6.27873420715332,4.27,0.14518,26.0,,0.31961,5.38,0.26
0.0,0.245,,1184.07604980469,100.0,98.7794799804687,5.00000095367432,0.0,6.39339876174927,0.0,0.0,30.07,,,,
2.0,0.415,,1184.84899902344,100.0,96.3833770751953,5.00000095367432,0.0,6.39095401763916,0.0,0.0,30.02,,,,
4.0,1.39,,1184.53295898437,100.0,93.8000717163086,5.00000095367432,0.0,6.38397121429443,0.0,0.0,30.02,,,,
6.0,3.63,,1184.98596191406,100.0,82.6806411743164,5.00000095367432,0.0,6.25581312179565,0.0,0.0,30.01,,,,
8.0,7.7,,1185.15295410156,100.0,65.1141891479492,5.00000095367432,0.0,6.21146392822266,0.0,0.0,30.01,,,,
9.75,14.8,48.0,1185.17297363281,100.0,49.2474708557129,5.00000095367432,0.0,6.39130401611328,0.0,0.0,29.99,,0.0,11.0,27.43
12.0,27.8,75.5,1185.03100585937,100.0,45.1815795898438,5.00000095367432,0.0,6.20517921447754,10.89,0.37026,29.99,,0.0,0.39,23.43
14.0,39.3,108.5,1184.91394042969,98.2327194213867,44.7098503112793,5.00000095367432,1.76140201091766,6.21076583862305,16.39,0.55726,29.99,,0.0,0.63,17.21
16.0,44.3,137.5,1184.48095703125,88.798713684082,35.5222702026367,5.01999998092651,11.2069101333618,6.25266981124878,24.39,0.82926,30.07,,5.5935,2.4,13.54
18.0,54.1,177.5,1184.67797851562,89.7648620605469,42.7929611206055,5.00972604751587,10.231650352478,6.31133699417114,17.9,0.6086,30.02,,0.17903,8.58,5.25
20.0,61.1,190.5,1185.1650390625,95.4686584472656,41.168098449707,5.01999998092651,4.52763414382935,6.29422616958618,17.9,0.6086,29.99,,0.0,0.95,0.06
22.0,71.1,205.5,1184.93896484375,91.5447463989258,40.0374412536621,5.04000091552734,8.4668083190918,6.20098781585693,17.9,0.6086,30.0,,0.87877,1.27,0.09
24.0,83.0,201.5,1184.68298339844,91.648193359375,41.1531295776367,5.04164123535156,8.35023880004883,6.23311519622803,17.9,0.6086,29.99,,4.64917,1.61,0.0
28.0,84.4,194.0,1184.68798828125,96.431770324707,39.0939712524414,4.95921993255615,3.5697751045227,6.30190801620483,17.9,0.6086,26.0,,19.70619,1.11,0.01
32.0,87.6,188.5,1184.63000488281,96.1704406738281,40.284538269043,4.99035978317261,3.82922697067261,6.24987697601318,12.5,0.425,26.0,,23.8668,1.54,0.0
36.0,87.6,184.0,1185.11999511719,96.6858673095703,39.9925117492676,4.8612961769104,3.31420207023621,6.21216297149658,12.5,0.425,26.01,,27.54201,3.01,0.02
40.0,90.4,180.0,1185.11499023437,97.3096237182617,40.3219795227051,4.92020797729492,2.69335198402405,6.2439398765564,8.75,0.2975,26.01,,28.67041,1.96,0.01
44.0,95.2,182.0,1185.0419921875,98.214973449707,40.0823707580566,4.94006395339966,1.78493499755859,6.25441598892212,6.1,0.2074,25.99,,22.32233,2.91,0.03
48.0,99.6,182.5,1184.91003417969,99.4445114135742,39.925121307373,4.96446514129639,0.555599212646484,6.25371789932251,4.27,0.14518,25.99,,14.60628,3.9,0.04
0.0,0.251,,1184.98303222656,100.0,96.3406524658203,5.00000095367432,0.0,6.36579418182373,0.0,0.0,30.09,,,,
2.0,0.43,,1185.19201660156,100.0,84.0452423095703,5.00000095367432,0.0,6.38389301300049,0.0,0.0,30.01,,,,
4.0,1.39,,1185.35595703125,100.0,77.4850311279297,5.00000095367432,0.0,6.33983993530273,0.0,0.0,30.01,,,,
6.0,3.63,,1185.44604492187,100.0,67.9840316772461,5.00000095367432,0.0,6.29886198043823,0.0,0.0,30.01,,,,
8.0,7.54,,1185.28894042969,100.0,55.6220893859863,5.00000095367432,0.0,6.22612380981445,0.0,0.0,30.01,,,,
9.75,14.3,52.0000000000002,1185.02600097656,100.0,52.1623382568359,5.00000095367432,0.0,6.26027297973633,0.0,0.0,29.97,,0.0,12.14,30.01
12.0,25.7,73.5,1184.75903320312,100.0,49.1417198181152,5.00000095367432,0.0,6.22305107116699,10.89,0.37026,30.01,,0.0,0.45,25.47
14.0,37.1,104.5,1184.73400878906,94.5497665405273,37.1124382019043,5.17554187774658,5.45249891281128,6.25719976425171,16.39,0.55726,30.01,,0.0,0.44,19.09
16.0,44.0,130.0,1185.34802246094,80.6040267944336,37.2987403869629,2.31953406333923,19.3988609313965,6.33096218109131,24.39,0.82926,29.99,,2.74916,1.76,15.53
18.0,47.4,155.5,1185.50500488281,84.2769470214844,40.931468963623,2.95490503311157,15.7214202880859,6.51980590820312,17.9,0.6086,30.0,,0.0,0.87,8.21
20.0,52.0,150.5,1185.25695800781,88.8878173828125,37.817699432373,5.00000381469727,11.114800453186,6.19675588607788,17.9,0.6086,30.0,,0.0,0.54,3.56
22.0,54.3,162.5,1185.28503417969,85.1463928222656,36.1543617248535,5.01999092102051,14.8570899963379,6.25515079498291,17.9,0.6086,30.0,,0.0,0.44,0.45
24.0,58.0,166.5,1184.89794921875,79.2256164550781,37.9374618530273,5.06182909011841,20.7769908905029,6.2080249786377,17.9,0.6086,30.0,,0.0,0.61,0.0
28.0,56.0,158.0,1184.75598144531,92.1765289306641,40.0,5.00415277481079,7.82335710525513,6.24767208099365,17.9,0.6086,26.02,,7.91147,0.73,0.09
32.0,56.8,156.5,1184.30200195312,91.8139038085937,40.2129096984863,5.04003715515137,8.18585586547852,6.22137689590454,12.5,0.425,26.01,,11.1454,1.08,0.11
36.0,54.2,157.0,1185.3310546875,94.3031616210937,40.0532302856445,5.05313777923584,5.69743299484253,6.2483549118042,12.5,0.425,26.0,,14.61258,2.38,0.31
40.0,53.8,147.5,1185.01098632812,96.0808334350586,39.9600791931152,5.01946210861206,3.93119406700134,6.27977180480957,8.75,0.2975,25.95,,15.57078,1.26,0.32
44.0,53.8,143.0,1184.40405273437,100.0,41.5834999084473,5.00000095367432,0.0,6.23640298843384,6.1,0.2074,25.99,,11.33452,1.43,0.29
48.0,59.6,140.5,1185.07495117187,100.0,47.3852310180664,5.01012277603149,0.0,6.21625518798828,4.27,0.14518,25.99,,6.27811,1.06,0.36
0.0,0.305,,1185.37194824219,100.0,98.2091598510742,5.00000095367432,0.0,6.77895593643188,0.0,0.0,30.03,,0.3215,1.65,26.21
2.0,0.501,,1184.80200195312,100.0,82.2098388671875,5.00000095367432,0.0,6.80469608306885,0.0,0.0,30.02,,,,
4.0,1.55,,1185.29504394531,100.0,74.3537826538086,5.00000095367432,0.0,6.85026121139526,0.0,0.0,30.01,,0.0,7.74,20.01
6.0,4.59,,1185.05603027344,100.0,66.3794631958008,5.00000095367432,0.0,6.8022608757019,0.0,0.0,30.0,,,,
8.0,11.56,,1184.80395507812,100.0,57.8307189941406,5.00018310546875,0.0,6.71565198898315,0.0,0.0,30.0,,0.0,24.82,19.55
8.38,,,1185.10803222656,100.0,51.4107093811035,5.00000715255737,0.0,6.71530389785767,0.0,0.0,30.03,,,,
8.8,,,1185.07800292969,100.0,48.2682914733887,5.00000095367432,0.0,6.72052192687988,0.0,0.0,30.01,,,,
8.83,17.1,47.9999999999999,1184.77099609375,100.0,48.3189697265625,5.00000095367432,0.0,6.72226095199585,0.0,0.0,30.01,,0.0,20.22,17.92
10.0,26.9,60.0000000000001,1185.07495117187,100.0,61.0914001464844,5.00000095367432,0.0,6.71460914611816,8.83,0.30022,29.98,,0.0,0.87,18.38
12.0,36.3,88.0,1185.14099121094,99.9194030761719,39.2127113342285,5.00000095367432,0.0815773010253906,6.70278310775757,13.12,0.44608,30.01,,0.0,0.93,13.56
14.0,45.3,118.5,1184.91198730469,93.9694519042969,38.8917083740234,4.92008399963379,6.03361892700195,6.7062611579895,19.65,0.6681,30.01,,1.93532,3.07,12.6
16.0,52.1,152.0,1184.8349609375,78.2704162597656,36.5940208435059,5.06901693344116,21.7341194152832,6.73965215682983,17.9,0.6086,30.03,,4.3075,4.25,7.06
18.0,64.0,186.5,1184.80798339844,93.4997711181641,40.9866600036621,4.98841714859009,6.4989972114563,6.7062611579895,17.9,0.6086,29.99,,0.0,1.15,1.55
20.0,71.6,197.5,1185.69396972656,88.9896469116211,37.7597618103027,4.97419214248657,11.0046997070312,6.81513023376465,17.9,0.6086,30.01,,0.0,1.06,0.0
24.0,95.0,217.0,1184.92797851562,82.8803405761719,40.2770805358887,4.97714710235596,17.1195697784424,6.7660870552063,17.9,0.6086,29.95,,4.7078,2.9,0.0
28.0,95.4,220.5,1185.25500488281,87.6579971313477,40.141918182373,5.07145500183105,12.3420000076294,6.76504278182983,17.9,0.6086,30.01,,11.79471,2.8,0.0
32.0,104.6,224.5,1185.34399414062,91.9401168823242,40.2770805358887,4.99696397781372,8.05614471435547,6.72469615936279,12.5,0.425,30.0,,9.27313,1.75,0.0
36.0,108.8,212.0,1185.39794921875,93.8991928100586,40.6149711608887,4.96090984344482,6.10088300704956,6.71078300476074,12.5,0.425,30.0,,8.74359,1.38,0.0
40.0,111.0,205.0,1184.90100097656,94.5438537597656,40.6656494140625,4.99649381637573,5.45544815063477,6.73095703125,12.5,0.425,30.0,,9.12183,1.43,0.0
44.0,111.0,211.5,1185.083984375,95.4157333374023,39.8716011047363,4.9795970916748,4.63173723220825,6.71217393875122,12.5,0.425,29.72,,9.97287,1.5,0.0
48.0,111.8,199.0,1185.35900878906,96.3050384521484,39.6012916564941,4.91970205307007,3.69330596923828,6.70312976837158,12.5,0.425,30.0,,11.17062,1.67,0.0
0.0,0.267,,1185.30603027344,100.0,97.9108810424805,5.00000095367432,0.0,6.73723697662354,0.0,0.0,30.01,,0.33348,1.77,27.54
2.0,0.484,,1185.10900878906,100.0,83.7399520874023,5.00020790100098,0.0,6.83643913269043,0.0,0.0,30.04,,,,
4.0,1.57,,1185.20397949219,100.0,75.675666809082,5.00000095367432,0.0,6.8671441078186,0.0,0.0,30.01,,0.0,7.9,21.21
6.0,4.95,,1184.6689453125,100.0,64.0905838012695,5.00000095367432,0.0,6.78582620620728,0.0,0.0,30.01,,,,
8.0,12.16,,1185.17297363281,100.0,51.4536209106445,5.00000905990601,0.0,6.69944715499878,0.0,0.0,30.02,,0.0,25.03,21.05
8.38,,,1184.72705078125,100.0,43.8860511779785,5.00002384185791,0.0,6.73386287689209,0.0,0.0,30.01,,,,
8.8,,,1185.15905761719,100.0,41.5631790161133,5.00000095367432,0.0,6.72104120254517,0.0,0.0,29.97,,,,
8.83,17.4,50.9999999999999,1185.09301757812,100.0,41.7823181152344,5.00000095367432,0.0,6.72137880325317,0.0,0.0,30.0,,0.0,19.62,18.48
10.0,24.7,61.0000000000002,1185.25305175781,100.0,54.7991218566895,5.00000095367432,0.0,6.72104120254517,8.83,0.30022,30.01,,0.0,0.87,18.73
12.0,34.9,88.0000000000001,1184.82800292969,99.5942993164062,40.1022605895996,4.96477317810059,0.399726897478104,6.74871015548706,13.12,0.44608,30.02,,0.0,1.06,15.19
14.0,43.1,118.5,1184.92199707031,92.8881988525391,39.4886817932129,4.96037006378174,7.1135721206665,6.72475290298462,19.65,0.6681,29.99,,1.24629,3.63,14.36
16.0,49.9,144.5,1184.69604492187,87.1024932861328,45.1862716674805,4.91374778747559,12.8909101486206,6.70552015304565,17.9,0.6086,29.97,,4.4632,4.16,9.58
18.0,63.7,178.5,1184.42895507812,93.3568420410156,41.183349609375,4.91760587692261,6.6416540145874,6.74229907989502,17.9,0.6086,29.99,,0.0,1.08,3.11
20.0,68.1,193.5,1185.02001953125,92.2913131713867,39.9707794189453,4.84016084671021,7.70654678344727,6.71699190139771,17.9,0.6086,30.0,,0.0,0.83,0.07
24.0,91.8,213.5,1184.67700195312,89.7826538085937,40.3213996887207,4.76443290710449,10.2167701721191,6.741623878479,17.9,0.6086,29.99,,0.38454,2.09,0.0
28.0,94.4,210.0,1184.65600585937,89.4285507202148,39.0065689086914,4.75737810134888,10.5726404190063,6.7652440071106,17.9,0.6086,30.01,,3.44007,2.48,0.0
32.0,101.4,232.0,1185.0830078125,92.9527816772461,40.9496002197266,4.82223892211914,7.0453028678894,6.73487615585327,12.5,0.425,29.98,,0.0,0.74,0.0
36.0,101.8,211.0,1185.07299804687,94.4229888916016,39.547119140625,5.0455961227417,5.57830810546875,6.75714492797852,12.5,0.425,29.99,,0.0,0.66,0.0
40.0,110.2,212.0,1185.19799804687,93.8720092773437,39.9707794189453,5.74158191680908,6.12729978561401,6.70653200149536,12.5,0.425,30.01,,0.0,0.64,0.0
44.0,105.6,213.5,1184.72900390625,93.2706604003906,40.1314811706543,5.02500009536743,6.72860383987427,6.76085710525513,12.5,0.425,30.0,,0.0,0.84,0.0
48.0,125.2,200.5,1184.498046875,94.0580596923828,39.6932106018066,5.0199499130249,5.94232177734375,6.69944715499878,12.5,0.425,30.0,,0.01702,1.5,0.0
0.0,0.292,,1185.01904296875,100.0,99.1892166137695,5.00000095367432,0.0,6.73226499557495,0.0,0.0,30.02,,0.32844,1.69,27.2
2.0,0.523,,1184.81994628906,100.0,93.5797119140625,5.00000095367432,0.0,6.83906412124634,0.0,0.0,29.99,,,,
4.0,1.47,,1185.22705078125,100.0,88.8187026977539,5.00000095367432,0.0,6.89030122756958,0.0,0.0,29.99,,0.0,7.93,20.25
6.0,4.76,,1185.51696777344,100.0,75.5444564819336,5.00000095367432,0.0,6.80845499038696,0.0,0.0,30.0,,,,
8.0,11.52,,1185.06994628906,100.0,58.3765411376953,5.00000095367432,0.0,6.70398616790771,0.0,0.0,30.02,,0.0,25.41,20.62
8.38,,,1185.02795410156,100.0,49.778450012207,5.00007009506226,0.0,6.72062110900879,0.0,0.0,30.01,,,,
8.8,11.7,50.0,1184.76501464844,100.0,45.0174407958984,5.00000095367432,0.0,6.71430015563965,0.0,0.0,30.0,,0.0,19.36,17.51
8.83,,50.0,1184.82702636719,100.0,45.0928611755371,5.00000095367432,0.0,6.71463298797607,0.0,0.0,30.0,,,,
10.0,24.2,65.5,1184.74194335937,100.0,55.3502388000488,5.00000095367432,0.0,6.71463298797607,8.88,0.30192,30.0,,0.0,0.9,18.33
12.0,36.5,89.0,1184.74499511719,98.9997711181641,38.6537208557129,4.99999904632568,1.00171995162964,6.71030712127686,13.22,0.44948,30.0,,0.0,0.9,13.68
14.0,45.3,118.0,1184.86206054687,93.0441665649414,40.1998710632324,5.01227712631226,6.95651197433472,6.71263599395752,19.77,0.67218,30.02,,2.22593,3.02,12.61
16.0,52.4,153.0,1184.583984375,82.00830078125,38.8799896240234,5.05194616317749,17.9936199188232,6.74390983581543,17.9,0.6086,30.04,,4.83766,4.3,6.91
18.0,63.8,189.5,1185.30798339844,94.092529296875,40.6618309020996,5.00824499130249,5.90655517578125,6.7382550239563,17.9,0.6086,30.0,,0.0,1.29,1.66
20.0,70.4,201.0,1184.77294921875,91.7107696533203,39.6059188842773,5.0251989364624,8.2896842956543,6.77385377883911,17.9,0.6086,30.02,,0.0,1.19,0.0
24.0,95.4,213.5,1184.66296386719,92.0098571777344,39.7284812927246,5.04179000854492,7.99062013626099,6.72694301605225,17.9,0.6086,30.02,,4.05156,2.07,0.0
28.0,96.8,212.5,1185.24096679687,90.6491470336914,39.8698997497559,5.03887891769409,9.35099029541016,6.70431900024414,17.9,0.6086,29.97,,10.03591,2.74,0.0
32.0,104.6,219.5,1185.14501953125,93.390266418457,39.0402603149414,5.00398206710815,6.61109209060669,6.76952886581421,12.5,0.425,30.01,,6.88204,1.89,0.0
36.0,90.8,202.5,1185.26794433594,94.3401870727539,40.5109786987305,5.01528310775757,5.65918684005737,6.72095394134521,12.5,0.425,30.0,,6.08521,1.29,0.0
40.0,109.6,201.0,1185.02905273437,94.7028732299805,40.331859588623,5.46315479278564,5.29636383056641,6.72860622406006,12.5,0.425,30.0,,6.16086,1.41,0.0
44.0,110.0,213.5,1185.14501953125,95.1037063598633,39.9076118469238,5.14955520629883,4.896399974823,6.71030712127686,12.5,0.425,29.98,,6.69544,1.28,0.0
48.0,110.4,194.0,1185.27795410156,95.1807708740234,39.7944793701172,4.93313789367676,4.81944704055786,6.73326396942139,12.5,0.425,30.0,,7.3397,1.62,0.0
0.0,0.254,,1185.08,100.0,99.16,5.0,0.0,6.78,0.0,0.0,30.28,,0.32,1.8,27.47
2.0,0.487,,1185.4990234375,100.0,101.12370300293,5.00000095367432,0.0,6.76224422454834,0.0,0.0,30.0,,,,
4.0,1.64,,1184.38793945312,100.0,102.795303344727,5.00000095367432,0.0,6.82701015472412,0.0,0.0,30.0,,0.0,8.35,22.96
6.0,5.22,,1184.9169921875,100.0,91.9205017089844,5.00000095367432,0.0,6.75235891342163,0.0,0.0,30.03,,,,
8.0,13.08,,1185.54296875,100.0,56.2592811584473,5.00000381469727,0.0,6.70906782150269,0.0,0.0,29.99,,0.0,24.72,20.71
8.38,17.6,51.0,1185.11999511719,100.0,47.8918991088867,5.00002384185791,0.0,6.70872783660889,0.0,0.0,30.0,,0.0,20.4,18.62
8.8,,,1185.14294433594,100.0,79.3647766113281,5.00000095367432,0.0,6.89825201034546,0.0,0.0,29.96,,,,
8.83,,51.0,1184.88098144531,100.0,79.448356628418,5.00000095367432,0.0,6.90097904205322,0.0,0.0,29.95,,,,
10.0,25.1,64.0000000000001,1184.68505859375,100.0,70.3008880615234,5.00000095367432,0.0,6.76803922653198,9.05,0.3077,29.95,,0.0,0.91,18.56
12.0,37.1,90.5,1185.00805664062,100.0,47.7340202331543,5.00000095367432,0.0,6.76428890228271,13.47,0.45798,30.0,,0.0,1.03,14.24
14.0,44.7,122.0,1184.92004394531,94.1850967407227,40.0724296569824,5.00276899337769,5.814857006073,6.75269985198975,20.14,0.68476,30.0,,1.08428,3.0,13.23
16.0,50.4,153.5,1185.56298828125,86.879997253418,38.6979904174805,5.03999900817871,13.117449760437,6.73633813858032,17.9,0.6086,30.08,,2.53608,3.95,8.41
18.0,63.1,175.5,1185.08898925781,97.419563293457,36.9427909851074,5.00728988647461,2.59215497970581,6.78849077224731,17.9,0.6086,30.04,,0.0,4.45,4.15
20.0,66.8,193.5,1185.22705078125,96.7046127319336,40.741081237793,5.00663709640503,3.30096411705017,6.71179485321045,17.9,0.6086,30.0,,0.0,0.92,0.14
24.0,87.8,215.5,1184.99401855469,92.4905090332031,39.8309783935547,4.91999816894531,7.50598478317261,6.72065782546997,17.9,0.6086,30.0,,1.26457,1.82,0.01
28.0,92.8,208.0,1184.78796386719,92.6293182373047,39.5245208740234,5.08947992324829,7.36803102493286,6.72577095031738,17.9,0.6086,30.01,,5.00219,2.26,0.0
32.0,96.0,232.5,1184.68701171875,96.4271926879883,40.0724296569824,4.94000005722046,3.572674036026,6.70088815689087,12.5,0.425,30.0,,1.44739,1.85,0.0
36.0,91.8,202.0,1185.36694335937,97.8675537109375,39.5709495544434,5.00528717041016,2.13345289230347,6.7186131477356,12.5,0.425,30.0,,0.70415,1.04,0.0
40.0,103.6,198.5,1184.84997558594,98.6421890258789,40.5089111328125,5.00008821487427,1.35709404945374,6.7019100189209,12.5,0.425,30.0,,0.86049,1.12,0.0
44.0,104.2,206.5,1184.91101074219,98.9354400634766,40.1281509399414,5.02152395248413,1.06446504592896,6.72406721115112,12.5,0.425,30.0,,1.49782,0.95,0.0
48.0,105.6,197.0,1185.02001953125,98.8893432617187,40.5553512573242,5.00006580352783,1.11181604862213,6.71963500976562,12.5,0.425,30.0,,2.26627,1.25,0.0
0.0,0.3779999999999999,,1194.886962890625,100.0,97.62458801269533,5.000000953674316,0.0,6.730216979980469,0.0,0.0,30.0,7.04,0.0,12.62,30.44
2.0,0.7556666666666666,,1194.7779541015625,100.0,87.87454986572266,5.013497829437256,0.0,6.762695789337158,0.0,0.0,29.96,6.17,0.0,30.77,27.83
4.0,5.23,,1195.2459716796875,78.71221923828125,32.394039154052734,4.641557216644287,21.274770736694336,6.759990215301514,0.0,0.0,30.08,6.98,0.0,9.6,32.27
6.0,26.23333333333333,68.49999999999994,1194.946044921875,100.0,78.66014862060547,5.000000953674316,0.0,6.814123153686523,8.55,0.2907,30.01,0.0,-0.02557,0.88,21.42
8.0,33.56666666666667,,1194.9560546875,100.0,58.36050033569336,4.999999046325684,0.0,6.70111894607544,12.71,0.4321399999999999,30.02,0.0,-0.03772,0.67,39.87
10.0,45.53333333333333,,1194.781005859375,99.85890197753906,38.53438949584961,4.999999046325684,0.1592254936695099,6.698074817657471,19.07,0.64838,30.04,0.0,-0.03964,0.44,22.13
12.0,55.23333333333333,,1197.8299560546875,93.83792877197266,41.9034309387207,4.898855209350586,6.155033111572266,6.724125862121582,17.9,0.6085999999999999,30.01,0.0,-0.03772,1.44,21.61
14.0,56.06666666666666,,1195.43994140625,99.30622863769533,40.29653930664063,4.952495098114014,0.6928368210792542,6.73360013961792,17.9,0.6085999999999999,29.99,0.0,-0.039,0.44,19.39
16.0,66.73333333333333,,1194.8389892578125,99.3949966430664,37.50970077514648,4.940049171447754,0.6081733703613281,6.707548141479492,17.9,0.6085999999999999,30.02,0.0,-0.039,0.59,18.21
18.0,67.56666666666666,170.49999999999997,1194.9749755859375,99.45748901367188,41.197021484375,4.964770793914795,0.5503311157226562,6.721757888793945,17.9,0.6085999999999999,30.01,0.0,-0.04156,0.47,16.37
20.0,71.39999999999999,174.99999999999994,1195.4210205078125,99.2403335571289,36.39963150024414,4.959589004516602,0.7640113830566406,6.749839782714844,17.9,0.6085999999999999,30.01,0.0,-0.0422,0.75,14.46
22.0,74.60000000000001,187.50000000000009,1194.9000244140625,99.53073120117188,37.92889022827149,4.960416793823242,0.4717369079589844,6.722434997558594,17.9,0.6085999999999999,30.13,0.0,-0.04667,0.66,11.71
24.0,95.5,191.5,1194.821044921875,99.4091567993164,39.30289840698242,4.973188877105713,0.5920447707176208,6.717698097229004,17.9,0.6085999999999999,30.01,0.0,-0.04667,1.9,7.21
26.0,101.33333333333331,,1195.06103515625,99.5519027709961,40.65362930297852,4.996593952178955,0.4468994140625,6.744088172912598,17.9,0.6085999999999999,29.97,0.0,-0.06184,0.76,5.37
28.0,96.5,218.00000000000003,1195.041015625,97.24520874023438,37.71929931640625,4.919343948364258,2.757644891738892,6.775890827178955,14.5,0.493,30.0,0.0,-0.05115,1.25,1.68
30.0,,,1195.1949462890625,99.68010711669922,38.36360931396485,4.9602580070495605,0.3036957085132599,6.728525161743164,14.5,0.493,29.97,0.0,-0.05307,,0.865
32.0,108.16666666666669,229.0,1195.47802734375,99.7484893798828,39.038970947265625,4.999999046325684,0.2942467033863067,6.743411064147949,14.5,0.493,30.05,0.0,-0.0517899999999999,1.81,0.05
34.0,,,1194.698974609375,99.94110107421876,39.81525039672852,5.000000953674316,0.0600433312356472,6.700780868530273,14.5,0.493,30.0,0.0,-0.0549799999999999,,0.04
36.0,113.33333333333331,219.00000000000003,1194.77001953125,99.86276245117188,39.15541076660156,5.000000953674316,0.1379508972167968,6.72277307510376,14.5,0.493,30.03,0.0,-0.05307,2.11,0.03
38.0,,,1195.1639404296875,99.73497009277344,37.33116149902344,4.999999046325684,0.2678185105323791,6.711607933044434,14.5,0.493,29.99,0.0,-0.0549799999999999,,0.0
40.0,118.66666666666669,216.0,1195.2330322265625,100.0,43.774261474609375,4.999999046325684,0.0,6.732583999633789,14.5,0.493,29.95,0.0,0.05,2.52,-0.12
44.0,118.0,217.5,1194.8599853515625,99.55622863769533,40.37416076660156,4.980105876922607,0.4464111030101776,6.716005802154541,10.0,0.34,30.01,0.0,-0.0556199999999999,3.59,0.0
48.0,123.33333333333331,215.50000000000009,1195.2960205078125,99.5360336303711,40.22666931152344,4.9600019454956055,0.4632950127124786,6.771153926849365,13.2,0.4488,30.0,0.0,0.82,2.65,0.0
0.0,0.302,,1194.8929443359375,100.0,100.12159729003906,5.000000953674316,0.0,6.714090824127197,0.0,0.0,30.01,6.3,0.0,9.42,31.13
2.0,0.4396666666666666,,1194.7659912109375,100.0,101.8240966796875,5.013497829437256,0.0,6.89695405960083,0.0,0.0,29.98,6.7,0.0,9.89,27.29
4.0,1.6166666666666665,,1194.6209716796875,100.0,77.92865753173828,4.9972310066223145,0.0,6.8923821449279785,0.0,0.0,30.04,6.81,0.0,15.67,26.95
6.0,6.766666666666667,38.00000000000004,1195.5150146484375,95.83309936523438,38.65018081665039,4.702493190765381,4.170616149902344,6.870931148529053,0.0,0.0,30.01,5.39,0.0,26.8,25.12
8.0,17.3,,1195.447998046875,88.98512268066406,24.685850143432617,4.532049179077148,11.016799926757812,6.899415016174316,7.0,0.238,29.99,0.0,-0.0358,27.03,19.03
10.0,29.73333333333333,,1194.56005859375,78.506103515625,38.10295867919922,6.614677906036377,21.49323081970215,6.808335781097412,10.41,0.35394,29.95,0.0,-0.03516,1.2,21.23
12.0,42.36666666666667,,1194.7979736328125,74.48394775390625,33.88731002807617,6.922665119171143,25.509510040283203,6.736246109008789,15.61,0.53074,29.95,0.0,-0.03772,1.44,21.61
14.0,49.73333333333333,,1194.7889404296875,65.12654876708984,22.57802963256836,6.805251121520996,34.88307189941406,6.798489093780518,23.27,0.79118,30.05,0.0,2.02927,10.46,14.08
16.0,54.86666666666667,,1194.7760009765625,100.0,40.57559967041016,5.000000953674316,0.0,6.705650806427002,17.9,0.6085999999999999,29.98,0.0,5.67671,1.83,17.46
18.0,63.06666666666666,184.5,1194.8900146484375,100.0,47.28414916992188,5.000000953674316,0.0,6.7052998542785645,17.9,0.6085999999999999,30.01,0.0,-0.03325,0.79,11.89
20.0,67.53333333333335,204.50000000000009,1195.2679443359375,100.0,41.08229064941406,5.000000953674316,0.0,6.784422874450684,17.9,0.6085999999999999,30.01,0.0,-0.0370799999999999,1.12,10.12
22.0,71.86666666666666,211.50000000000009,1195.385986328125,100.0,50.46614837646485,4.999999046325684,0.0,6.735894203186035,17.9,0.6085999999999999,29.95,0.0,-0.03644,0.99,7.24
24.0,90.0,220.50000000000009,1195.22998046875,99.64280700683594,37.43413162231445,4.99988317489624,0.3611069023609161,6.75206995010376,17.9,0.6085999999999999,30.06,0.0,-0.03644,3.12,2.5
26.0,103.5,,1194.7530517578125,99.7506103515625,42.80503082275391,4.9988322257995605,0.2459830939769745,6.799191951751709,17.9,0.6085999999999999,30.0,0.0,-0.03644,0.97,0.03
28.0,112.0,238.0,1194.762939453125,99.42765808105467,34.941219329833984,4.98881721496582,0.5979232788085938,6.728860855102539,14.4,0.4896,30.0,0.0,-0.03772,1.38,0.03
30.0,,,1195.197998046875,100.0,53.2428092956543,5.000000953674316,0.0,6.740466117858887,16.6,0.5644,30.0,0.0,-0.04028,,
32.0,126.83333333333331,234.5,1193.916015625,98.79155731201172,35.285770416259766,4.959971904754639,1.2143360376358032,6.730970859527588,19.1,0.6494,29.98,0.0,-0.03772,2.01,-0.01
34.0,,,1195.406005859375,97.45188903808594,36.76530075073242,4.961617946624756,2.5520589351654053,6.8431501388549805,18.6,0.6324000000000001,30.04,0.0,0.039,,
36.0,134.0,227.00000000000009,1195.22802734375,98.48275756835938,39.98783874511719,4.960000991821289,1.517261981964111,6.823456764221191,18.6,0.6324000000000001,29.98,0.0,-0.0370799999999999,1.83,-0.05
38.0,,,1194.698974609375,99.00840759277344,39.52169036865234,4.9824628829956055,0.986114501953125,6.721124172210693,18.6,0.6324000000000001,30.0,0.0,-0.03772,,
40.0,141.33333333333334,228.0,1194.72802734375,99.2197723388672,37.312530517578125,4.959953784942627,0.785614013671875,6.714443206787109,18.6,0.6324000000000001,30.04,0.0,-0.03516,1.53,-0.09
44.0,154.0,217.50000000000003,1195.0970458984375,99.65131378173828,37.373329162597656,4.983560085296631,0.3529854118824005,6.697210788726807,12.2,0.4147999999999999,29.98,0.0,0.76657,1.46,
48.0,167.66666666666666,211.50000000000003,1195.43896484375,100.0,46.98014068603516,5.000000953674316,0.0,6.701079845428467,18.5,0.629,30.01,0.0,0.827,2.65,
0.0,0.3383333333333334,,1196.4749755859375,100.0,98.33033752441406,5.000000953674316,0.0,6.748733997344971,0.0,0.0,30.08,6.78,0.0,9.51,27.15
2.0,0.524,,1194.3380126953125,100.0,94.6827621459961,5.000000953674316,0.0,6.780488014221191,0.0,0.0,29.95,6.68,0.0,9.71,34.14
4.0,1.2466666666666668,,1195.45703125,100.0,88.77471923828125,5.00264310836792,0.0,6.8885178565979,0.0,0.0,30.01,7.02,0.0,13.14,26.07
6.0,5.95,25.499999999999968,1194.800048828125,100.0,77.08706665039062,5.000926017761231,0.0,6.875058174133301,0.0,0.0,30.0,5.78,0.0,24.16,24.68
8.0,16.566666666666666,,1194.593017578125,100.0,48.49729919433594,5.000007152557373,0.0,6.677289009094238,0.0,0.0,30.03,1.09,0.0,20.93,19.88
10.0,25.933333333333334,,1194.873046875,100.0,80.19522094726562,5.007590770721436,0.0,6.893350124359131,8.81,0.29954,30.01,0.0,-0.03516,1.2,21.23
12.0,33.13333333333333,,1195.2159423828125,100.0,71.05061340332031,5.019999980926514,0.0,6.552001953125,13.1,0.4454,29.97,0.0,-0.03516,0.78,16.57
14.0,42.833333333333336,,1195.22705078125,100.0,44.23323822021485,5.039988994598389,0.0,5.25839900970459,19.62,0.66708,30.03,0.0,-0.03516,0.27,26.72
16.0,50.86666666666667,,1195.470947265625,100.0,49.01103973388672,5.000155925750732,0.0,6.757018089294434,17.9,0.6085999999999999,29.98,0.0,-0.0370799999999999,0.66,17.16
18.0,52.86666666666667,136.5000000000001,1194.9310302734375,100.0,56.10068893432617,5.000000953674316,0.0,6.718361854553223,17.9,0.6085999999999999,30.01,0.0,-0.03516,0.46,19.03
20.0,54.13333333333333,140.5,1194.4300537109375,100.0,65.3994369506836,5.000878810882568,0.0,6.736653804779053,17.9,0.6085999999999999,30.01,0.0,-0.039,0.59,16.76
22.0,56.43333333333334,151.00000000000003,1195.3609619140625,100.0,66.73516082763672,5.000000953674316,0.0,6.771859169006348,17.9,0.6085999999999999,30.02,0.0,-0.0382999999999999,,14.64
24.0,53.0,157.49999999999997,1194.5789794921875,100.0,65.01412963867188,5.018497943878174,0.0,6.796363830566406,17.9,0.6085999999999999,29.97,0.0,-0.08658,1.8,13.06
26.0,75.5,,1195.0880126953125,100.0,51.45132064819336,5.00470495223999,0.0,6.7318220138549805,22.4,0.7615999999999999,30.02,0.0,-0.04092,0.49,9.99
28.0,72.33333333333333,184.0,1194.6290283203125,100.0,44.644229888916016,5.008325099945068,0.0,6.701448917388916,22.4,0.7615999999999999,30.0,0.0,-0.04092,0.51,8.03
30.0,,,1194.9639892578125,100.0,47.70100021362305,5.000000953674316,0.0,6.711803913116455,19.1,0.6494,30.02,0.0,-0.04156,,
32.0,77.0,200.50000000000009,1194.5419921875,100.0,44.95248031616211,5.01973295211792,0.0,6.759434223175049,19.1,0.6494,30.03,0.0,-0.039,0.67,5.1
34.0,,,1195.2060546875,100.0,45.49190902709961,5.000000953674316,0.0,6.749424934387207,19.1,0.6494,30.01,0.0,-0.03964,,
36.0,76.66666666666667,202.0,1195.1629638671875,100.0,39.86642074584961,5.000000953674316,0.0070915222167968,6.743902206420898,19.1,0.6494,29.99,0.0,-0.04156,0.51,2.12
38.0,,,1194.8050537109375,99.89544677734376,39.63523864746094,5.000000953674316,0.1050148010253906,6.781177997589111,19.1,0.6494,30.02,0.0,-0.04348,,
40.0,73.33333333333333,219.0,1195.4649658203125,99.50377655029295,36.50141143798828,4.989696979522705,0.5108718872070312,6.773240089416504,19.1,0.6494,30.01,0.0,-0.04159,0.37,-0.14
44.0,74.0,209.00000000000003,1194.822021484375,97.74250793457033,39.94348907470703,4.95958423614502,2.257622003555298,6.701448917388916,19.1,0.6494,29.98,0.0,-0.0422,0.48,
48.0,80.66666666666667,225.00000000000003,1195.781005859375,99.34483337402344,39.55818176269531,4.959910869598389,0.6557235717773438,6.704901218414307,17.4,0.5916,29.97,0.0,-0.04348,0.94,
0.0,0.2433333333333333,,1194.6650390625,100.0,97.43460845947266,5.000000953674316,0.0,6.770979881286621,0.0,0.0,30.09,7.29,0.0,9.61,34.55
2.0,0.4043333333333334,,1194.6739501953125,100.0,99.18511199951172,5.000000953674316,0.0,6.745363235473633,0.0,0.0,30.0,7.23,0.0,10.12,28.81
4.0,1.143333333333333,,1195.5030517578125,100.0,98.66197204589844,4.999999046325684,0.0,6.837244987487793,0.0,0.0,30.01,7.23,0.0,12.85,27.14
6.0,4.866666666666666,73.50000000000001,1194.740966796875,100.0,88.25955963134766,5.017330169677734,0.0,6.8512492179870605,0.0,0.0,30.03,6.33,0.0,12.97,25.91
8.0,15.566666666666668,,1194.6080322265625,100.0,66.49899291992188,5.019999980926514,0.0,6.723844051361084,0.0,0.0,30.01,2.08,0.0,0.67,20.16
10.0,26.96666666666667,,1195.0350341796875,100.0,88.12877655029297,5.015061855316162,0.0,6.835196018218994,8.81,0.29954,29.99,0.0,-0.03772,0.92,23.09
12.0,38.13333333333333,,1195.2039794921875,100.0,73.9839096069336,5.000050067901611,0.0,6.71974515914917,13.1,0.4454,29.98,0.0,-0.0370799999999999,0.5,21.81
14.0,47.23333333333333,,1195.237060546875,100.0,49.64788818359375,5.000011920928955,0.0,6.764832019805908,19.61,0.6667399999999999,30.01,0.0,-0.02302,1.34,18.52
16.0,57.2,,1194.8050537109375,98.46822357177734,36.70019912719727,4.940497875213623,1.5384140014648438,6.725210189819336,19.5,0.6629999999999999,29.99,0.0,-0.0370799999999999,0.66,21.81
18.0,53.63333333333333,165.00000000000003,1194.58203125,100.0,45.35211944580078,5.000000953674316,0.0,6.751511096954346,19.5,0.6629999999999999,29.98,0.0,3.16252,1.82,14.32
20.0,59.633333333333326,194.5,1195.383056640625,99.70687866210938,40.74446868896485,4.960360050201416,0.296722412109375,6.708473205566406,19.5,0.6629999999999999,29.99,0.0,-0.039,0.79,11.13
22.0,64.8,199.0,1194.8079833984375,100.0,46.65996170043945,5.000000953674316,0.0,6.752877235412598,19.5,0.6629999999999999,30.0,0.0,-0.04092,0.66,7.64
24.0,84.16666666666667,216.50000000000009,1194.9169921875,100.0,53.9839096069336,5.000657081604004,0.0,6.7303338050842285,19.5,0.6629999999999999,30.01,0.0,-0.03964,3.15,3.3
26.0,92.0,,1195.0369873046875,96.63632202148438,45.75453186035156,5.106547832489014,3.356945037841797,6.724868774414063,22.4,0.7615999999999999,30.01,0.0,-0.04092,1.38,0.21
28.0,95.83333333333331,243.0000000000001,1194.93896484375,97.74935913085938,37.60564041137695,5.039536952972412,2.2532999515533447,6.766880989074707,22.4,0.7615999999999999,30.02,0.0,0.61377,1.62,0.16
30.0,,,1195.0560302734375,100.0,43.641849517822266,4.999999046325684,0.0,6.749462127685547,19.1,0.6494,29.99,0.0,-0.04028,,
32.0,112.83333333333331,231.50000000000009,1194.488037109375,100.0,42.08250045776367,4.999999046325684,0.0,6.71974515914917,19.1,0.6494,29.99,0.0,-0.0422,1.33,0.1
34.0,,,1194.926025390625,99.9344482421875,38.72233963012695,4.999999046325684,0.0669860765337944,6.740239143371582,19.1,0.6494,29.99,0.0,-0.04348,,
36.0,120.66666666666669,227.00000000000009,1195.3170166015625,99.92656707763672,39.90945816040039,4.999999046325684,0.0734176635742187,6.766540050506592,19.1,0.6494,30.01,0.0,-0.04284,1.28,-0.12
38.0,,,1195.5860595703125,99.49170684814452,37.84708023071289,4.967545986175537,0.5029410719871521,6.790450096130371,19.1,0.6494,30.01,0.0,-0.04156,,
40.0,132.66666666666666,216.00000000000009,1194.9410400390625,99.6434326171875,40.74446868896485,5.032362937927246,0.3511047065258026,6.754242897033691,19.1,0.6494,30.02,0.0,0.36379,1.43,-0.13
44.0,133.33333333333334,212.00000000000003,1194.873046875,99.5916976928711,40.47283935546875,5.585000038146973,0.407863587141037,6.770638942718506,19.1,0.6494,30.0,0.0,0.01662,-0.46,
48.0,142.0,213.00000000000009,1194.9200439453125,100.0,46.21730041503906,5.000000953674316,0.0,6.75800085067749,23.1,0.7854000000000001,30.02,0.0,2.735,2.53,
0.0,0.2966666666666666,,1195.072021484375,100.0,102.74479675292967,5.000000953674316,0.0,6.733858108520508,0.0,0.0,29.94268035888672,,0.26021,9.5,29.61
2.0,0.557,,1194.9210205078125,100.0,105.03890228271484,5.000000953674316,0.0,6.829975128173828,0.0,0.0,30.027809143066406,,0.2135399999999999,10.07,27.4
4.0,1.7080000000000002,,1194.8370361328125,100.0,106.52739715576172,5.013671875,0.0,6.886013984680176,0.0,0.0,29.8785400390625,,-0.0370799999999999,16.04,25.8
6.0,6.95,30.0,1194.4310302734375,100.0,96.8865203857422,5.000000953674316,0.0,6.865296840667725,0.0,0.0,30.001680374145508,,-0.0370799999999999,25.15,24.29
8.0,17.013333333333332,,1194.248046875,100.0,106.66390228271484,4.980000019073486,0.0,6.896543979644775,0.0,0.0,29.90822029113769,,-0.0556199999999999,-1.05,22.1
10.0,23.4,,1194.5379638671875,100.0,123.93830108642578,5.000000953674316,0.0,6.891448974609375,10.364439964294434,0.352,29.981380462646484,,-0.05243,-1.02,21.46
12.0,28.0,,1194.9520263671875,100.0,122.88680267333984,5.019999980926514,0.0,6.8802409172058105,20.20605087280273,0.687,29.981910705566406,,-0.05626,-1.18,21.45
14.0,22.066666666666663,,1194.9659423828125,100.0,122.39520263671876,5.018664836883545,0.0,6.890089988708496,30.133350372314453,1.024,30.00071907043457,,-0.05818,-1.24,21.95
16.0,26.366666666666664,,1195.031982421875,100.0,122.04010009765624,4.986563205718994,0.0,6.890089988708496,30.2509994506836,1.028,29.96363067626953,,-0.06393,-1.32,22.03
18.0,23.63333333333333,64.5,1194.866943359375,100.0,121.54850006103516,5.019987106323242,0.0,6.894845008850098,39.32600021362305,1.337,30.006959915161133,,-0.0358,0.12,21.86
20.0,31.73333333333333,84.50000000000001,1194.5670166015625,99.58297729492188,38.35860061645508,5.015076160430908,0.3890304863452911,6.758312225341797,39.32600021362305,1.337,30.068239212036133,,16.73795,2.21,20.13
22.0,46.53333333333333,130.50000000000006,1194.822998046875,100.0,40.51617813110352,5.038274765014648,0.0,6.767821788787842,27.530000686645508,0.93,29.964019775390625,,30.06822,11.5,14.54
24.0,45.400000000000006,84.50000000000001,1195.2239990234375,99.6707992553711,38.59074020385742,5.020370960235596,0.3308945000171661,6.727405071258545,19.25,0.654,29.99451065063477,,39.35784,22.15,15.04
28.0,53.53333333333333,146.00000000000003,1194.8719482421875,99.62348175048828,35.69575881958008,5.0415568351745605,0.381832093000412,6.823522090911865,16.299999237060547,0.554,30.037660598754883,,46.198800000000006,33.01,9.63
32.0,76.93333333333334,206.0,1195.3740234375,91.9894790649414,46.797760009765625,5.008749008178711,8.002243041992188,6.727745056152344,7.980000019073486,0.271,29.996620178222656,,12.05798,90.11,0.38
36.0,95.66666666666669,198.00000000000009,1195.136962890625,100.0,74.84636688232422,4.980000019073486,0.0,6.819786071777344,6.78000020980835,0.23,29.96467018127441,,-0.039,8.15,0.05
40.0,110.0,202.5,1194.4639892578125,100.0,72.68878936767578,4.98428201675415,0.0,6.724688053131104,7.796999931335449,0.265,30.00176048278809,,-0.04667,3.01,-0.05
44.0,112.33333333333331,198.00000000000009,1195.0689697265625,100.0,64.18135070800781,4.99742603302002,0.0,6.782425880432129,8.960000038146973,0.204,30.00205993652344,,-0.04603,2.26,-0.09
48.0,115.13333333333333,202.5,250.35009765625,0.0,0.0819336324930191,0.0,0.0,6.393883228302002,0.0,0.0,20.64920997619629,,-0.04475,1.71,-0.1
0.0,0.3183333333333333,,1194.8709716796875,100.0,90.62345123291016,5.000000953674316,0.0,6.754333972930908,0.0,0.0,29.971830368041992,,0.26661,9.56,29.99
2.0,0.5726666666666667,,1195.35400390625,100.0,84.37655639648438,5.000000953674316,0.0,6.903768062591553,0.0,0.0,29.95940971374512,,0.22505,10.4,27.69
4.0,1.7146666666666668,,1195.3270263671875,100.0,78.88723754882812,5.017330169677734,0.0,6.885707855224609,0.0,0.0,30.100980758666992,,-0.03644,16.32,26.49
6.0,7.395333333333333,35.0,1195.3330078125,100.0,60.37009048461914,4.999999046325684,0.0,6.830112934112549,0.0,0.0,30.039440155029297,,-0.03325,26.12,25.11
8.0,18.30666666666667,,1194.8370361328125,100.0,55.38996887207031,4.966549873352051,0.0,6.9066009521484375,0.0,0.0,30.088680267333984,,-0.0556199999999999,-1.1,22.17
10.0,31.7,,1194.9000244140625,100.0,56.14754104614258,4.97593879699707,0.0,6.744420051574707,10.364439964294434,0.352,30.19940948486328,,-0.0652099999999999,-0.8,21.68
12.0,44.0,,1194.7430419921875,99.92542266845705,38.37556076049805,5.015524864196777,0.0908966064453125,6.760707855224609,20.20605087280273,0.687,30.01481056213379,,-0.07225,2.14,18.51
14.0,47.1,,1195.3570556640625,91.95142364501952,40.62345123291016,4.797010898590088,8.042839050292969,6.713612079620361,30.133350372314453,1.024,29.971729278564453,,4.966399999999999,6.99,15.89
16.0,56.46666666666667,,1194.8790283203125,90.2623062133789,41.1077995300293,4.711030960083008,9.738166809082031,6.699801921844482,23.270000457763672,0.791,30.03334045410156,,3.81815,10.95,11.7
18.0,71.63333333333333,213.00000000000009,1194.8070068359375,98.58119201660156,38.0278205871582,4.880006790161133,1.4225120544433594,6.757874965667725,23.270000457763672,0.791,29.984050750732425,,-0.03516,2.93,4.41
20.0,79.43333333333334,251.0000000000001,1195.14794921875,92.79022216796876,36.43814849853516,4.679399967193604,7.223545074462891,6.72990083694458,30.2509994506836,1.028,29.891780853271484,,-0.04092,1.98,-0.37
22.0,92.66666666666669,231.00000000000009,1195.2139892578125,92.42091369628906,41.24441146850586,4.611618041992188,7.577434062957764,6.698386192321777,39.33000183105469,1.337,29.92906951904297,,9.20651,2.65,-0.41
24.0,107.93333333333334,246.50000000000009,1194.8780517578125,92.76277160644533,40.18877029418945,4.635744094848633,7.237614154815674,6.709716796875,25.39999961853028,0.863,29.990089416503903,,13.91846,4.71,-0.03
28.0,121.66666666666669,232.00000000000009,1194.93994140625,93.55026245117188,40.66070938110352,4.6151628494262695,6.448975086212158,6.728485107421875,25.39999961853028,0.863,29.94124984741211,,18.815810000000003,4.17,-0.06
32.0,141.79999999999998,232.50000000000003,1195.051025390625,94.55013275146484,40.12667846679688,4.737300872802734,5.449642181396484,6.713257789611816,16.299999237060547,0.554,29.94733047485352,,14.57059,2.42,-0.53
36.0,142.93333333333337,234.50000000000003,1194.8900146484375,96.89557647705078,40.2136116027832,4.9627299308776855,3.0973169803619385,6.701218128204346,13.850000381469728,0.47,29.95962905883789,,8.669469999999999,2.09,-0.08
40.0,151.73333333333332,223.50000000000003,1195.197021484375,98.49590301513672,39.79135894775391,5.079999923706055,1.5080870389938354,6.708301067352295,13.850000381469728,0.47,30.045469284057617,,5.88642,1.73,-0.09
44.0,149.93333333333334,223.00000000000009,1195.571044921875,99.34677124023438,40.25086975097656,4.980372905731201,0.6541634202003479,6.7345051765441895,13.850000381469728,0.47,30.094820022583008,,5.38837,1.71,-0.13
48.0,149.53333333333333,220.00000000000009,250.05929565429688,0.0,0.1738698035478592,0.0,0.0,6.247961044311523,0.0,0.0,22.42877960205078,,2.07594,1.48,-0.1
0.0,0.2976666666666667,,1195.04296875,100.0,60.12702941894531,5.000000953674316,0.0,6.736390113830566,0.0,0.0,30.00783920288086,,0.26916,9.61,31.0
2.0,0.5793333333333334,,1195.5150146484375,100.0,59.50600051879883,5.000000953674316,0.0,6.781516075134277,0.0,0.0,29.989410400390625,,0.22441,10.22,28.31
4.0,1.5499999999999998,,1195.072021484375,100.0,59.04022979736328,5.014362812042236,0.0,6.8983540534973145,0.0,0.0,30.013940811157227,,-0.03389,15.51,26.18
6.0,6.616666666666667,28.5,1195.06494140625,100.0,56.03387069702149,4.999999046325684,0.0,6.864071846008301,0.0,0.0,30.013940811157227,,-0.03516,23.15,24.84
8.0,16.240000000000002,,1194.9649658203125,98.13037109375,40.95977020263672,5.028180122375488,1.8683819770812988,6.699659824371338,0.0,0.0,30.032320022583008,,-0.04667,6.72,23.45
10.0,30.13333333333333,,1195.16796875,100.0,53.57798004150391,4.967864036560059,0.0,6.703856945037842,10.364439964294434,0.352,29.989410400390625,,-0.06074,-0.85,22.24
12.0,41.43333333333333,,1195.02001953125,99.88912963867188,39.774169921875,4.962851047515869,0.1112900003790855,6.775218963623047,20.21759986877441,0.687,30.00786018371582,,-0.0747999999999999,0.37,17.41
14.0,48.26666666666666,,1195.0999755859375,86.57466125488281,35.525760650634766,3.789405107498169,13.432339668273926,6.738839149475098,30.133350372314453,1.024,30.050880432128903,,4.19728,8.02,15.56
16.0,53.7,,1195.012939453125,79.03945922851562,40.46577072143555,3.799973964691162,20.95992088317871,6.722746849060059,23.270000457763672,0.791,30.03853988647461,,7.13825,10.27,12.14
18.0,67.53333333333335,198.5,1194.9840087890625,99.1530532836914,36.55609893798828,4.886563777923584,0.8470190763473511,6.76997184753418,16.280000686645508,0.554,29.946409225463867,,-0.03772,3.01,6.91
20.0,72.66666666666667,218.50000000000003,1195.22900390625,94.0946273803711,42.38531875610352,4.995635032653809,5.908740997314453,6.752830982208252,21.16399955749512,0.719,30.020240783691406,,-0.0422,1.17,1.96
22.0,82.2,233.50000000000003,1195.3409423828125,86.08992004394531,57.2900505065918,3.921876907348633,13.882109642028809,6.760877132415772,27.51000022888184,0.935,29.94635009765625,,0.85096,2.54,-0.42
24.0,92.46666666666664,244.0,1194.5589599609375,83.89080047607422,41.25617980957031,4.06928300857544,16.10780906677246,6.735691070556641,27.51000022888184,0.935,30.00774955749512,,4.968319999999999,4.51,0.0
28.0,111.53333333333336,238.50000000000009,1194.9539794921875,83.21037292480469,38.96965026855469,5.248341083526611,16.79077911376953,6.7867631912231445,27.51000022888184,0.935,30.001680374145508,,11.39306,4.59,-0.09
32.0,130.53333333333333,235.50000000000009,1195.0360107421875,86.3561019897461,39.64714050292969,5.054688930511475,13.644370079040527,6.727993965148926,16.34000015258789,0.55,29.995529174804688,,6.33971,2.86,-0.6
36.0,129.13333333333335,233.50000000000003,1195.3680419921875,90.55596923828124,40.9738883972168,4.984292030334473,9.44281005859375,6.7108540534973145,16.34000015258789,0.55,29.989330291748047,,3.69795,2.32,-0.08
40.0,145.73333333333335,223.00000000000009,1195.2330322265625,92.98993682861328,39.76005935668945,5.011789798736572,7.010361194610596,6.706655979156494,16.34000015258789,0.55,30.00782012939453,,4.293819999999999,1.8,-0.11
44.0,144.9333333333333,220.00000000000009,1195.02197265625,94.3575210571289,40.16936874389648,5.000223159790039,5.6422648429870605,6.703507900238037,16.34000015258789,0.55,29.99544906616211,,6.26746,1.77,-0.12
48.0,145.73333333333332,218.00000000000009,249.951400756836,0.0,0.6774876117706299,0.0,0.0,6.361390113830566,0.0,0.0,23.44379997253418,,1.42893,2.19,-0.13
0.0,0.2883333333333333,,699.947998046875,100.0,104.46019744873048,5.013671875,0.0,6.700653076171875,0.0,0.0,29.879150390625,,0.25893,9.32,31.4
2.0,0.5423333333333334,,700.10107421875,100.0,100.28130340576172,5.000000953674316,0.0,6.791102886199951,0.0,0.0,30.143369674682617,,0.21418,10.07,28.42
4.0,1.6713333333333331,,699.7213134765625,100.0,92.7002410888672,5.001091003417969,0.0,6.899037837982178,0.0,0.0,30.112689971923828,,-0.03197,16.25,26.4
6.0,7.253333333333333,33.5,699.8582763671875,100.0,46.38360977172852,4.994204044342041,0.0,6.826073169708252,0.0,0.0,30.11893081665039,,-0.0358,27.76,25.15
8.0,14.22,,700.1826782226562,100.0,55.87998962402344,5.039995193481445,0.0,6.893321990966797,0.0,0.0,29.903789520263672,,-0.04603,36.18,23.35
10.0,25.766666666666666,,700.1762084960938,100.0,20.613449096679688,5.019814968109131,0.0,6.740330219268799,10.393329620361328,0.353,29.995880126953125,,-0.0537,73.68,19.28
12.0,28.5,,700.265625,100.0,10.809000015258787,4.980002880096436,0.0,6.702670097351074,20.243019104003903,0.688,30.03891944885254,,-0.05754,131.85,18.44
14.0,35.333333333333336,,700.588623046875,89.80325317382812,45.33887100219727,4.999862194061279,10.16327953338623,6.734950065612793,30.189359664916992,1.026,29.95903968811035,,12.12191,136.88,16.18
16.0,43.56666666666666,,699.75341796875,88.11334228515625,34.1816291809082,5.065025806427002,11.90464973449707,6.725534915924072,16.309999465942383,0.554,30.038970947265625,,23.14416,130.94,14.05
18.0,45.43333333333334,116.50000000000004,700.1483154296875,93.57199096679688,39.418701171875,4.960131168365479,6.428412914276123,6.707714080810547,11.40999984741211,0.387,30.00819969177246,,28.44429,124.01,13.43
20.0,46.43333333333334,122.50000000000006,700.0089721679688,95.55113220214844,44.026248931884766,4.97313117980957,4.392932891845703,6.720828056335449,7.980000019073486,0.271,30.00205993652344,,30.80986,116.37,12.35
22.0,49.63333333333333,131.0000000000001,699.9484252929688,94.2716064453125,34.15483093261719,4.991829872131348,5.73551607131958,6.731250762939453,5.599999904632568,0.19,29.76844024658203,,29.09003,105.54,11.85
24.0,51.46666666666667,123.50000000000006,700.1685180664062,92.27377319335938,39.95446014404297,4.945058822631836,7.726706981658935,6.711075782775879,3.920000076293945,0.133,29.92210960388184,,22.72219,99.17,11.33
28.0,57.73333333333333,153.00000000000003,699.9450073242188,82.90416717529297,35.427268981933594,4.670144081115723,17.101110458374023,6.692583084106445,3.920000076293945,0.133,30.03265953063965,,-0.03005,168.91,7.81
32.0,62.46666666666667,155.49999999999997,699.885009765625,73.92059326171875,36.20412063598633,4.351250171661377,26.08585929870605,6.905764102935791,4.510000228881836,0.153,30.069730758666992,,-0.0358,20.02,5.75
36.0,74.6,160.00000000000003,699.8869018554688,97.44393920898438,25.448699951171875,4.704728126525879,2.574486017227173,6.851627826690674,4.510000228881836,0.153,30.026599884033203,,-0.04156,0.92,5.2
40.0,69.2,157.50000000000009,699.788330078125,99.34764099121094,56.027320861816406,5.300000190734863,0.6216049194335938,6.884915828704834,5.186500072479248,0.176,29.97742080688477,,-0.04348,0.59,4.49
44.0,74.39999999999999,164.49999999999997,699.9166870117188,97.6958236694336,33.65925979614258,4.986669063568115,2.312206029891968,6.724863052368164,6.854000091552734,0.232,29.983619689941406,,-0.04348,0.51,4.85
48.0,76.33333333333333,151.00000000000003,249.51510620117188,0.0,0.6697025895118713,0.0,0.0,6.584982872009277,0.0,0.0,20.88015937805176,,-0.0422,0.47,5.35
0.0,0.308,,700.5883178710938,100.0,113.89569854736328,5.017330169677734,0.0,6.832377910614014,0.0,0.0,29.96500015258789,,0.27108,9.51,35.11
2.0,0.5403333333333333,,700.25048828125,100.0,105.14550018310548,5.000000953674316,0.0,6.750720024108887,0.0,0.0,29.995819091796875,,0.22888,10.08,32.9
4.0,1.5346666666666666,,700.0087890625,100.0,83.89798736572266,5.00264310836792,0.0,6.8800129890441895,0.0,0.0,30.03883934020996,,-0.03325,16.67,29.31
6.0,6.133333333333333,28.5,699.9893798828125,91.16636657714844,41.67975997924805,4.631149768829346,8.835273742675781,6.78603982925415,0.0,0.0,30.051130294799805,,-0.0358,28.11,26.52
8.0,15.613333333333337,,700.5438232421875,90.76851654052734,35.689178466796875,4.580043792724609,9.23673152923584,6.887790203094482,0.0,0.0,29.81757926940918,,-0.04539,17.05,22.78
10.0,31.666666666666668,,699.638427734375,74.63552856445312,39.06962966918945,4.363656044006348,25.36484909057617,6.705029010772705,10.393329620361328,0.353,29.99574089050293,,-0.0517899999999999,69.93,21.02
12.0,42.03333333333333,,700.0338745117188,57.14316940307617,18.001649856567383,5.397869110107422,42.97220993041992,6.743589878082275,20.243019104003903,0.688,30.02036094665528,,-0.07225,4.35,14.96
14.0,45.96666666666667,,699.7406005859375,52.39973831176758,44.207611083984375,5.447772979736328,47.59466171264648,6.7455339431762695,30.189359664916992,1.026,29.98349952697754,,7.34603,9.87,12.24
16.0,64.0,,700.2034301757812,32.79159164428711,43.71400833129883,5.42043399810791,67.20391845703125,6.743589878082275,16.309999465942383,0.554,30.00200080871582,,9.42389,17.49,7.33
18.0,63.6,193.0,700.4224853515625,73.49330139160156,36.46697998046875,6.059999942779541,26.5047607421875,6.721879005432129,11.40999984741211,0.387,29.977399826049805,,0.00639,68.72,7.42
20.0,70.13333333333333,209.50000000000003,700.0518188476562,80.78724670410156,38.95745086669922,6.214314937591553,19.21405982971192,6.706974029541016,11.40999984741211,0.387,29.98978042602539,,-0.039,83.17,4.58
22.0,75.86666666666667,243.0000000000001,700.1461181640625,78.40946960449219,41.67975997924805,6.017380237579346,21.59553909301757,6.702436923980713,14.829999923706056,0.504,30.008140563964844,,-0.03772,81.54,3.04
24.0,83.73333333333333,220.0,700.1768798828125,77.56008911132812,39.46601104736328,6.0047712326049805,22.440189361572266,6.711510181427002,17.0,0.578,30.00211906433105,,-0.03644,127.07,1.62
28.0,81.86666666666667,233.50000000000003,700.4796752929688,87.59575653076172,38.29930114746094,4.956099033355713,12.406660079956056,6.741645812988281,19.549999237060547,0.664,29.99574089050293,,1.41678,254.45,0.08
32.0,78.53333333333335,218.0,699.919921875,95.32887268066406,41.560089111328125,4.960000038146973,4.697597980499268,6.695631980895996,11.649999618530272,0.396,30.00197982788086,,3.13405,324.97,-0.38
36.0,75.39999999999999,223.50000000000003,700.0673828125,99.35157775878906,39.26408004760742,4.979951858520508,0.6609305739402771,6.731276988983154,11.649999618530272,0.396,30.008180618286133,,6.335229999999999,381.62,0.13
40.0,73.46666666666665,216.50000000000003,699.8275756835938,100.0,43.661659240722656,5.000000953674316,0.0,6.712158203125,11.649999618530272,0.396,29.97742080688477,,10.42126,511.66,0.13
44.0,72.66666666666667,217.50000000000003,700.1610107421875,100.0,54.01242065429688,5.000000953674316,0.0,6.725443840026856,9.899999618530272,0.336,30.014219284057617,,10.08028,489.27,0.11
48.0,69.46666666666667,198.00000000000009,250.0142059326172,0.0,3.963802099227905,0.0,0.0,6.54138708114624,0.0,0.0,20.93648910522461,,11.68817,661.41,0.29
0.0,0.291,,699.8953857421875,100.0,124.7947998046875,5.01748514175415,0.0,6.774229049682617,0.0,0.0,29.99472045898437,,0.26405,9.79,37.41
2.0,0.507,,700.185302734375,100.0,132.4427947998047,5.000000953674316,0.0,6.741422176361084,0.0,0.0,30.000900268554688,,0.22952,10.26,32.88
4.0,1.4746666666666666,,699.7230834960938,100.0,117.0072021484375,5.000448226928711,0.0,6.876658916473389,0.0,0.0,30.02563095092773,,-0.0358,15.76,29.61
6.0,5.8500000000000005,24.5,700.206787109375,99.2113800048828,36.91286849975586,4.980405807495117,0.7811316847801208,6.853330135345459,0.0,0.0,30.043920516967773,,-0.03644,25.95,26.98
8.0,13.473333333333334,,700.1506958007812,76.64922332763672,42.57027816772461,5.065213203430176,23.40781021118164,6.701323986053467,0.0,0.0,29.98855972290039,,-0.04156,32.39,24.82
10.0,25.8,,700.0479736328125,58.52634811401367,31.81421089172364,5.264723777770996,41.48912048339844,6.727933883666992,10.393329620361328,0.353,30.0314998626709,,-0.0537,23.7,20.86
12.0,39.7,,700.098388671875,39.35266876220703,14.75467014312744,5.770734786987305,60.678470611572266,6.732673168182373,20.254579544067383,0.688,30.02552032470703,,-0.07928,4.08,15.58
14.0,46.833333333333336,,699.978515625,40.64630126953125,47.98323822021485,5.805140018463135,59.33235931396485,6.785529136657715,30.206329345703125,1.026,29.976299285888672,,5.73297,12.64,12.26
16.0,53.16666666666666,,700.4182739257812,52.12417984008789,37.12239837646485,5.500720977783203,47.87924957275391,6.710072994232178,16.309999465942383,0.554,29.97636032104492,,3.50487,45.36,11.62
18.0,66.2,185.0,699.767822265625,66.49321746826172,45.36405944824219,5.198911190032959,33.507930755615234,6.7439727783203125,16.309999465942383,0.554,29.97632026672364,,-0.03325,146.18,8.73
20.0,65.33333333333333,201.0,700.0880126953125,76.43443298339844,37.54146957397461,5.090727806091309,23.569000244140625,6.801931858062744,21.200000762939453,0.72,30.02549934387207,,0.93664,215.08,4.1
22.0,68.23333333333333,192.0,700.4857177734375,81.48948669433594,35.93503952026367,5.059732913970947,18.498130798339844,6.710437774658203,21.200000762939453,0.72,29.98870086669922,,5.517510000000001,265.07,3.02
24.0,68.39999999999999,193.0,700.1375732421875,88.65384674072266,40.00349044799805,5.019999980926514,11.351380348205566,6.738870143890381,21.200000762939453,0.72,29.994779586791992,,11.23323,322.49,4.47
28.0,60.66666666666666,179.00000000000006,700.192626953125,99.41818237304688,41.03369903564453,4.988890171051025,0.5805205702781677,6.709343910217285,21.200000762939453,0.72,30.001039505004883,,28.29725,366.11,3.44
32.0,57.8,172.00000000000003,699.8123168945312,100.0,62.42361068725586,5.020636081695557,0.0,6.720280170440674,12.630999565124512,0.429,29.988740921020508,,35.04868,466.88,2.32
36.0,58.46666666666666,168.49999999999997,699.8549194335938,100.0,82.835693359375,5.009538173675537,0.0,6.738505840301514,12.630999565124512,0.429,29.99480056762696,,41.13521,532.66,2.66
40.0,57.93333333333334,167.49999999999997,700.0758056640625,100.0,95.75694274902344,5.004061222076416,0.0,6.745067119598389,12.630999565124512,0.429,30.000959396362305,,47.24093,613.82,2.43
44.0,55.00000000000001,163.49999999999997,700.1895141601562,100.0,112.27519989013672,5.02534294128418,0.0,6.739964008331299,7.489999771118164,0.254,30.007020950317383,,51.14345,619.42,2.42
48.0,54.2,158.49999999999997,249.8890991210937,0.0,1.484197974205017,0.0,0.0,6.550777912139893,0.0,0.0,21.427270889282227,,47.38797,743.98,2.62
0.0,0.379333333333333,,1194.8189697265625,100.0,89.27613830566406,2.5,0.0,6.671144008636475,0.0,0.0,30.35906982421875,,,,
2.0,0.6756666666666667,,1195.27197265625,100.0,81.55718994140625,2.5,0.0,6.723080158233643,0.0,0.0,29.99622917175293,,,,
4.0,2.556666666666666,,1194.7900390625,100.0,77.92671966552734,2.5,0.0,6.750205039978027,0.0,0.0,30.00836944580078,,,,
6.0,7.420000000000001,70.5,1195.052001953125,100.0,68.96782684326172,2.5,0.0,6.758143901824951,0.0,0.0,30.00956916809082,,,,
8.0,30.266666666666666,,1195.050048828125,100.0,47.44190979003906,2.5,0.0,6.7650909423828125,7.704248905181885,0.2618,29.98539924621582,,0.0,15.0,19.3
10.0,33.766666666666666,,1194.5770263671875,99.8283233642578,39.07506942749024,2.5,0.1731071025133133,6.733664989471436,11.405779838562012,0.387,30.00406074523925,,0.0,0.0,17.2
12.0,43.56666666666666,,1195.1689453125,97.14460754394533,39.06389999389648,2.418529987335205,2.8564610481262207,6.737966060638428,17.2185001373291,0.585,30.00946998596192,,0.0224,4.6,13.2
14.0,48.4,,1195.175048828125,96.61512756347656,40.18096923828125,2.433701992034912,3.3840909004211426,6.712493896484375,29.440000534057617,1.0,29.9923095703125,,10.88,6.3,10.5
16.0,60.03333333333333,,1195.114013671875,82.22001647949219,39.93521118164063,2.640000104904175,17.785640716552734,6.7118330001831055,17.5049991607666,0.595,30.041439056396484,,1.55,15.9,5.5
18.0,68.66666666666667,,1195.3929443359375,93.16815185546876,45.118408203125,2.4647879600524902,6.825756072998047,6.778323173522949,18.81999969482422,0.639,29.967849731445312,,0.0,0.0,1.8
20.0,54.93333333333334,,1194.998046875,92.19309997558594,40.90705871582031,2.519115924835205,7.799624919891357,6.716133117675781,18.81999969482422,0.639,29.986400604248047,,0.0,0.0,0.7
22.0,68.53333333333333,215.5,1194.8280029296875,91.32528686523438,40.560768127441406,2.473459005355835,8.674003601074219,6.716794013977051,24.88599967956543,0.846,29.99229049682617,,,,
24.0,67.2,208.0,1194.6180419921875,92.38506317138672,38.79579925537109,2.474289894104004,7.616336822509766,6.700915813446045,24.88599967956543,0.846,30.029340744018555,,,,
26.0,,,1194.85400390625,92.1375503540039,36.85210037231445,2.3392040729522705,7.866402149200439,6.7654218673706055,24.88599967956543,0.846,30.01085090637207,,21.149,4.5,0.0
28.0,108.8,163.0,1194.9169921875,91.94239807128906,37.745750427246094,2.3224809169769287,8.057076454162598,6.767076015472412,24.88599967956543,0.846,30.016939163208008,,,,
30.0,,,1195.0909423828125,92.26107025146484,38.87398910522461,2.300884962081909,7.740433216094971,6.737966060638428,12.119999885559082,0.412,30.01054954528809,,21.354,5.3,0.0
32.0,158.0,219.5,1195.0589599609375,93.13629913330078,37.1090202331543,2.3497989177703857,6.859504222869873,6.757152080535889,12.119999885559082,0.412,30.01691055297852,,,,
34.0,,,1195.1400146484375,94.72073364257812,40.3708610534668,2.315659046173096,5.276573181152344,6.700254917144775,10.300000190734863,0.35,29.99218940734864,,0.006,6.4,
36.0,173.0,216.5,1195.14599609375,96.33487701416016,41.09695816040039,2.360625982284546,3.6654210090637207,6.719771862030029,10.300000190734863,0.35,29.992149353027344,,,,
38.0,,,1195.4139404296875,97.79691314697266,40.88471984863281,2.4009389877319336,2.2021288871765137,6.708856105804443,10.300000190734863,0.35,29.98586082458496,,0.1,13.4,
40.0,176.0,212.0,1195.5670166015625,98.69393157958984,39.1867790222168,2.4254350662231445,1.307086944580078,6.726057052612305,10.300000190734863,0.35,30.004159927368164,,,,
42.0,,,1194.6199951171875,99.57444763183594,39.86819076538086,2.4599199295043945,0.425777405500412,6.70918607711792,10.300000190734863,0.35,29.998210906982425,,0.012,12.2,
44.0,193.3333333333333,216.5,1194.81103515625,99.51441955566406,39.5330696105957,2.4786510467529297,0.4863167107105255,6.725726127624512,10.300000190734863,0.35,29.99626922607422,,,,
46.0,,,1195.366943359375,99.78704833984376,39.689449310302734,2.5,0.2130507975816726,6.743919849395752,7.199999809265137,0.244,30.004409790039062,,0.012,12.8,
48.0,169.66666666666666,212.0,1195.0050048828125,99.88453674316406,41.52145004272461,2.5,0.1185799017548561,6.736310958862305,7.199999809265137,0.244,29.9991397857666,,0.009,9.6,
0.0,0.3459999999999999,,1194.9849853515625,100.0,93.54105377197266,2.5,0.0,6.758185863494873,0.0,0.0,30.211429595947266,,,,
2.0,0.641,,1194.7640380859375,100.0,83.92086029052734,2.5,0.0,6.813433170318604,0.0,0.0,30.0087890625,,,,
4.0,2.543333333333333,,1194.2249755859375,100.0,72.89060974121094,2.5,0.0,6.8387980461120605,0.0,0.0,30.0209903717041,,,,
6.0,6.253333333333334,66.5,1194.821044921875,100.0,48.669551849365234,2.5,0.0,6.7870259284973145,0.0,0.0,30.07024002075196,,,,
8.0,21.73333333333333,,1195.1400146484375,99.50023651123048,37.95769882202149,2.5,0.5023689270019531,6.8881378173828125,7.704248905181885,0.261,29.97784996032715,,0.0,0.7,18.0
10.0,32.1,,1195.092041015625,100.0,45.00796127319336,2.495078086853028,0.0,6.757143974304199,11.37110996246338,0.386,30.02725982666016,,0.0,0.0,17.3
12.0,43.46666666666667,,1195.1639404296875,99.00422668457033,40.27745819091797,2.4959490299224854,0.9965590834617616,6.702591896057129,17.145780563354492,0.583,30.00871086120605,,0.0,0.0,14.5
14.0,46.9,,1195.1099853515625,96.5806121826172,43.62065124511719,2.4800000190734863,3.414833068847656,6.8196868896484375,29.3784408569336,0.998,29.940980911254883,,4.55,6.1,11.4
16.0,54.46666666666667,,1194.73095703125,89.71449279785156,47.53240966796875,2.470613956451416,10.275970458984377,6.701550006866455,20.584999084472656,0.699,30.064180374145508,,0.802,10.0,8.5
18.0,62.2,,1194.93701171875,96.21208190917967,39.50421142578125,2.4800000190734863,3.788646936416626,6.714753150939941,22.1299991607666,0.752,30.06402015686035,,0.0,0.0,7.0
20.0,45.46666666666667,,1194.4310302734375,96.46150207519533,46.14509963989258,2.4800000190734863,3.5160329341888428,6.774168968200684,22.1299991607666,0.752,29.996559143066406,,0.0,0.0,2.7
22.0,50.3,219.0,1194.498046875,92.79947662353516,49.78395080566406,2.4600000381469727,7.182606220245361,6.721354961395264,29.270000457763672,0.995,29.971649169921875,,,,
24.0,50.66666666666666,220.0,1195.009033203125,93.16403198242188,49.1244010925293,2.4487500190734863,6.824565887451172,6.717879772186279,29.270000457763672,0.995,29.971689224243164,,,,
26.0,,,1194.550048828125,92.35635375976562,38.95838165283203,2.4400010108947754,7.645061016082764,6.702939987182617,29.270000457763672,0.995,29.996469497680664,,14.23,4.7,4.2
28.0,86.4,222.5,1194.9420166015625,92.2678680419922,38.367069244384766,2.420088052749634,7.730759143829346,6.741159915924072,29.270000457763672,0.995,29.996660232543945,,,,
30.0,,,1195.0799560546875,93.755126953125,39.93632125854492,2.4398269653320312,6.224480152130127,6.715795993804932,14.300000190734863,0.486,29.990190505981445,,8.5,4.6,
32.0,151.0,225.0,1195.2850341796875,95.42771911621094,38.412559509277344,2.4400010108947754,4.573123931884766,6.7647881507873535,14.300000190734863,0.486,29.983970642089844,,,,
34.0,,,1194.7469482421875,96.66111755371094,40.368431091308594,2.4350368976593018,3.338421106338501,6.705371856689453,14.300000190734863,0.486,30.00259017944336,,0.012,0.0,
36.0,165.0,229.5,1194.3890380859375,97.67536926269533,40.52762985229492,2.4457390308380127,2.3239669799804688,6.708150863647461,14.300000190734863,0.486,30.008649826049805,,,,
38.0,,,1194.9410400390625,99.04737091064452,38.8901481628418,2.4402310848236084,0.9608420729637146,6.746025085449219,14.300000190734863,0.486,29.990089416503903,,0.011,0.0,
40.0,167.0,219.0,1195.0909423828125,98.98052978515624,40.30020904541016,2.4401540756225586,1.0179630517959597,6.727610111236572,14.300000190734863,0.486,30.0025691986084,,,,
42.0,,,1194.95703125,99.38443756103516,39.79986953735352,2.455034017562866,0.6157264709472656,6.703981876373291,14.300000190734863,0.486,30.008750915527344,,0.0128,0.0,
44.0,169.0,235.0,1195.10302734375,99.51937866210938,40.48215103149414,2.4399969577789307,0.480129212141037,6.721007823944092,14.300000190734863,0.486,30.00884056091309,,,,
46.0,,,1194.718017578125,100.0,45.69025039672852,2.5,0.0,6.838449954986572,10.0,0.34,29.996309280395508,,0.009,0.0,
48.0,159.0,202.5,1194.946044921875,100.0,43.757110595703125,2.5,0.0,6.7192702293396,10.0,0.34,29.977989196777344,,0.007,1.2,
0.0,0.4906666666666666,,1195.137939453125,100.0,90.13668823242188,2.5,0.0,6.729098796844482,0.0,0.0,30.222850799560547,,,,
2.0,0.7393333333333333,,1195.0830078125,100.0,86.57968139648438,2.5,0.0,6.78428316116333,0.0,0.0,30.013900756835938,,,,
4.0,2.5033333333333334,,1195.0570068359375,100.0,79.52780151367188,2.5,0.0,6.815280914306641,0.0,0.0,30.02004051208496,,,,
6.0,7.336666666666667,75.0,1195.094970703125,100.0,62.34854888916016,2.5,0.0,6.822774887084961,0.0,0.0,30.02008056640625,,,,
8.0,20.1,,1194.988037109375,99.65339660644533,36.78160858154297,2.4809889793396,0.3498497009277344,6.813918113708496,7.676278114318848,0.2611,29.99551010131836,,0.0,12.5,18.5
10.0,31.466666666666665,,1194.9749755859375,100.0,48.60205078125,2.5,0.0,6.75839376449585,11.377220153808594,0.386,29.99555015563965,,0.0,0.0,17.9
12.0,42.23333333333333,,1195.3499755859375,98.36756896972656,34.91767883300781,2.498469114303589,1.6349029541015625,6.7498779296875,17.15467071533203,0.583,30.013900756835938,,0.0,0.0,14.8
14.0,46.86666666666667,,1195.050048828125,92.91657257080078,37.977630615234375,2.480074882507324,7.085940837860107,6.760778903961182,29.34691047668457,0.997,29.989410400390625,,1.0,7.2,11.9
16.0,53.833333333333336,,1194.9219970703125,75.55560302734375,33.02267837524414,2.5397748947143555,24.4531192779541,6.694014072418213,17.497249603271484,0.595,30.050840377807617,,0.6,11.6,8.2
18.0,64.53333333333333,,1194.532958984375,93.35212707519533,40.64926910400391,2.5,6.646518230438232,6.816984176635742,18.809999465942383,0.639,30.014020919799805,,0.0,0.0,2.7
20.0,44.3,,1195.2060546875,94.66853332519533,47.840938568115234,2.5000009536743164,5.313891887664795,6.728758811950684,18.809999465942383,0.639,29.989389419555664,,0.0,0.0,1.6
22.0,53.2,223.0,1194.1820068359375,89.27761840820312,51.16495895385742,2.117906093597412,10.70736026763916,6.748175144195557,24.874500274658203,0.845,29.977069854736328,,,,
24.0,56.4,219.0,1195.303955078125,83.61141204833984,37.49612045288086,1.841161012649536,16.391620635986328,6.7611188888549805,24.874500274658203,0.845,30.00777053833008,,,,
26.0,,,1195.2919921875,86.1736068725586,39.98136138916016,2.673712968826294,13.826510429382324,6.7420430183410645,24.874500274658203,0.845,30.001739501953125,,14.23,4.7,4.19
28.0,86.26666666666665,218.5,1195.072021484375,87.34088897705078,43.08790969848633,2.6429309844970703,12.666899681091309,6.780876159667969,24.874500274658203,0.845,30.00774955749512,,,,
30.0,,,1194.800048828125,89.14675903320312,39.0649299621582,2.439284086227417,10.854470252990724,6.728076934814453,12.15999984741211,0.413,30.00171089172364,,8.516,4.3,
32.0,161.66666666666666,218.0,1195.0909423828125,92.5997314453125,41.14632034301758,2.3757870197296143,7.398440837860107,6.700486183166504,12.15999984741211,0.413,29.99544906616211,,,,
34.0,,,1194.762939453125,95.11540985107422,40.57160949707031,2.4247140884399414,4.879219055175781,6.705935955047607,12.15999984741211,0.413,29.98328971862793,,0.0013,0.0,
36.0,160.33333333333334,222.0,1194.93896484375,97.18994140625,40.1522216796875,2.4532859325408936,2.8101348876953125,6.706275939941406,12.15999984741211,0.413,30.00783920288086,,,,
38.0,,,1195.302001953125,99.51815795898438,39.9658317565918,2.4800000190734863,0.484989196062088,6.730462074279785,12.15999984741211,0.413,29.99555015563965,,0.0012,0.0,
40.0,162.33333333333334,219.0,1195.1920166015625,99.39469909667967,40.19881820678711,2.4788849353790283,0.6058350205421448,6.724670886993408,12.15999984741211,0.413,30.00782012939453,,,,
42.0,,,1195.0169677734375,99.5634536743164,40.1522216796875,2.4800000190734863,0.4364967048168182,6.702869892120361,12.15999984741211,0.413,30.001569747924805,,0.0011,0.0,
44.0,158.0,197.0,1194.6739501953125,99.74024200439452,40.090091705322266,2.480138063430786,0.2635268867015838,6.720923900604248,12.15999984741211,0.413,30.00783920288086,,,,
46.0,,,1194.93505859375,100.0,80.35104370117188,2.5,0.0,6.895330905914307,6.130000114440918,0.208,29.995569229125977,,0.0013,0.0,
48.0,158.0,142.0,1195.0999755859375,100.0,77.15129089355469,2.5,0.0,6.854454040527344,6.130000114440918,0.208,30.00171089172364,,0.001,1.0,
0.0,0.3026666666666666,,699.8438110351562,100.0,91.97728729248048,2.5,0.0,6.689380168914795,0.0,0.0,29.965240478515625,,,,
2.0,0.5906666666666667,,699.7797241210938,100.0,80.63482666015625,2.50227689743042,0.0,6.743850231170654,0.0,0.0,29.97123908996582,,,,
4.0,2.54,,699.9876708984375,94.78662109375,32.7606315612793,2.545212984085083,5.221703052520752,6.797636032104492,0.0,0.0,30.03282928466797,,,,
6.0,7.696666666666666,71.5,699.9323120117188,14.871930122375488,28.261499404907227,2.0199999809265137,85.15257263183594,6.738368988037109,0.0,0.0,30.03278923034668,,,,
8.0,20.766666666666666,,699.8218994140625,0.0,13.08969020843506,2.511668920516968,100.0,6.697258949279785,8.54386043548584,0.29,30.07592964172364,,0.6,21.3,18.3
10.0,35.96666666666667,,700.0968017578125,0.0,25.13104057312012,2.517340898513794,100.0,6.748647212982178,12.697830200195312,0.431,30.00219917297364,,0.0,4.8,12.6
12.0,40.6,,700.1119995117188,0.0,31.654050827026367,2.5199999809265137,100.0,6.79900598526001,19.05719947814941,0.648,29.977439880371094,,2.2,14.9,9.5
14.0,55.16666666666666,,700.1148071289062,24.86284065246582,55.11793899536133,2.4800000190734863,75.11788940429688,6.77708101272583,20.584999084472656,0.699,30.03899002075196,,3.1,36.7,7.3
16.0,55.46666666666667,,700.7277221679688,100.0,62.87857055664063,2.4850010871887207,0.0,6.709249019622803,17.49799919128418,0.595,29.99604034423828,,0.0,121.0,6.2
18.0,58.23333333333333,,700.7999267578125,100.0,55.096099853515625,2.4800000190734863,0.0,6.71644401550293,18.809999465942383,0.639,29.971439361572266,,0.0,193.0,5.7
20.0,31.4,,699.776611328125,100.0,70.76294708251953,2.4800000190734863,0.0,6.710619926452637,18.809999465942383,0.639,29.98990058898925,,2.5,261.0,10.2
22.0,26.066666666666663,153.0,699.5598754882812,100.0,92.46505737304688,2.501782894134521,0.0,6.710277080535889,18.809999465942383,0.639,29.977500915527344,,8.87,307.0,6.2
24.0,2.6,163.0,700.0661010742188,100.0,104.36810302734376,2.5248899459838867,0.0,6.731860160827637,15.979999542236328,0.543,30.002140045166016,,,,
26.0,,,700.11767578125,100.0,105.58390045166016,2.538240909576416,0.0,6.701369762420654,0.0,0.0,30.00196075439453,,14.23,407.0,4.2
28.0,17.8,158.0,699.7910766601562,100.0,113.57019805908205,2.539999008178711,0.0,6.700685024261475,0.0,0.0,30.008220672607425,,,,
30.0,,,699.7888793945312,100.0,124.84709930419922,2.539999008178711,0.0,6.730832099914551,0.0,0.0,30.00201988220215,,0.0,466.0,
32.0,55.0,156.0,700.2410888671875,100.0,88.83954620361328,2.539999008178711,0.0,6.894928932189941,0.0,0.0,30.014419555664062,,,,
34.0,,,700.4381713867188,100.0,65.84886169433594,2.537913084030152,0.0,6.898013114929199,0.0,0.0,29.96529960632324,,0.0,0.0,
36.0,59.66666666666666,161.0,699.9415283203125,100.0,63.27896881103516,2.525429010391236,0.0,6.890819072723389,0.0,0.0,29.989879608154297,,,,
38.0,,,699.80078125,100.0,57.44029998779297,2.5199790000915527,0.0,6.895956993103027,0.0,0.0,29.977500915527344,,0.001,0.0,
40.0,54.333333333333336,150.0,700.2822875976562,100.0,56.355560302734375,2.5199949741363525,0.0,6.892530918121338,0.0,0.0,29.98357963562012,,,,
42.0,,,699.8256225585938,100.0,55.94786834716797,2.5199999809265137,0.0,6.897327899932861,0.0,0.0,30.00830078125,,0.001,0.0,
44.0,56.0,184.5,700.038330078125,100.0,58.37944030761719,2.5199999809265137,0.0,6.898355007171631,0.0,0.0,30.00826072692871,,,,
46.0,,,700.4058837890625,100.0,58.25568008422852,2.5199999809265137,0.0,6.892189025878906,0.0,0.0,30.00815963745117,,0.0015,0.0,
48.0,53.66666666666666,142.0,700.2160034179688,100.0,54.6956901550293,2.519998073577881,0.0,6.892530918121338,0.0,0.0,30.00836944580078,,0.0017,525.0,
0.0,0.2973333333333333,,699.7362060546875,100.0,83.372802734375,2.5,0.0,6.817258834838867,0.0,0.0,29.92831993103028,,,,
2.0,0.5983333333333333,,700.0316772460938,100.0,74.87136840820312,2.5,0.0,6.885456085205078,0.0,0.0,30.0080795288086,,,,
4.0,2.6766666666666663,,699.7379150390625,100.0,54.60187911987305,2.5,0.0,6.892108917236328,0.0,0.0,30.026460647583008,,,,
6.0,7.473333333333334,73.0,699.6154174804688,82.05084228515625,38.48101043701172,2.3550779819488525,17.95922088623047,6.83256196975708,0.0,0.0,30.03887939453125,,,,
8.0,1.5533333333333337,,700.2401123046875,71.4666519165039,52.10290145874024,2.26001501083374,28.52312088012696,6.706148147583008,8.52025032043457,0.2896885108947754,30.00196075439453,,9.8,25.7,20.8
10.0,1.1333333333333333,,700.7401123046875,100.0,57.99917984008789,2.485160112380981,0.0,6.867825031280518,12.697830200195312,0.4317262268066406,30.008100509643555,,21.99,21.0,20.5
12.0,2.036666666666666,,699.8167724609375,100.0,64.90811920166016,2.4870851039886475,0.0,6.881796836853027,0.0,0.0,30.008140563964844,,24.52,23.5,24.0
14.0,2.24,,700.4716186523438,100.0,70.07758331298828,2.4800000190734863,0.0,6.896100997924805,0.0,0.0,30.00180053710937,,24.18,25.0,25.5
16.0,2.4433333333333334,,699.9741821289062,100.0,73.10738372802734,2.4800000190734863,0.0,6.891444206237793,0.0,0.0,29.98348045349121,,24.11,26.7,26.3
18.0,0.24,,699.9641723632812,100.0,74.78970336914062,2.489739894866944,0.0,6.882129192352295,0.0,0.0,30.00192070007324,,24.14,27.0,26.6
20.0,,,700.1613159179688,100.0,76.3086929321289,2.480004072189331,0.0,6.888782978057861,0.0,0.0,29.995819091796875,,,,
22.0,,,700.03857421875,100.0,77.51734924316406,2.4929990768432617,0.0,6.877471923828125,0.0,0.0,29.99,,,,
24.0,,,699.6657104492188,100.0,78.15434265136719,2.5,0.0,6.896100997924805,0.0,0.0,30.014280319213867,,,,
26.0,,,699.9965209960938,100.0,78.73417663574219,2.5,0.0,6.885122776031494,0.0,0.0,29.99566078186035,,,,
28.0,,,700.0687255859375,100.0,79.29766845703125,2.5,0.0,6.893773078918457,0.0,0.0,30.001819610595703,,,,
30.0,,,700.1602783203125,100.0,79.60800170898438,2.5,0.0,6.898097991943359,0.0,0.0,30.02630043029785,,23.36,31.2,
32.0,0.607,35.5,699.788818359375,100.0,79.93466186523438,2.5,0.0,6.89011287689209,0.0,0.0,30.00201988220215,,,,
34.0,,,700.3178100585938,100.0,80.31848907470703,2.5,0.0,6.879800796508789,0.0,0.0,29.98959922790528,,,,
36.0,,,700.211181640625,100.0,80.44098663330078,2.5,0.0,6.864498138427734,0.0,0.0,30.00200080871582,,,,
38.0,,,699.8046264648438,100.0,80.88198852539062,2.5,0.0,6.8515238761901855,0.0,0.0,30.014299392700195,,,,
40.0,,,700.3574829101562,100.0,81.18415069580078,2.493438005447388,0.0,6.829899787902832,0.0,0.0,29.9897403717041,,,,
42.0,,,700.0501708984375,100.0,81.61698150634766,2.5,0.0,6.807610988616943,0.0,0.0,30.01420021057129,,,,
44.0,,,700.4661865234375,100.0,81.91914367675781,2.5,0.0,6.782993793487549,0.0,0.0,30.0080795288086,,,,
46.0,,,699.4896240234375,100.0,82.36015319824219,2.5,0.0,6.758708953857422,0.0,0.0,29.99566078186035,,,,
48.0,5.057,50.0,699.7313842773438,100.0,82.82563781738281,2.5,0.0,6.731098175048828,0.0,0.0,29.99584007263184,,0.009,34.9,
0.0,0.3003333333333333,,700.0698852539062,100.0,99.69048309326172,2.5,0.0,6.7647199630737305,0.0,0.0,29.97,,,,
2.0,0.5976666666666667,,700.36572265625,100.0,94.49817657470705,2.5,0.0,6.84158182144165,0.0,0.0,29.99,,,,
4.0,2.353333333333333,,700.4869995117188,100.0,79.74928283691406,2.5,0.0,6.885069847106934,0.0,0.0,30.0,,,,
6.0,7.293333333333334,67.5,699.942626953125,87.41800689697266,37.4758186340332,2.4799509048461914,12.593660354614258,6.763033866882324,0.0,0.0,30.04,,,,
8.0,19.566666666666663,,699.6005859375,58.97159957885742,39.72761917114258,2.559998035430908,41.03377151489258,6.76370906829834,8.55,0.2907,30.03,,5.8,26.6,18.6
10.0,31.933333333333337,,700.2216186523438,34.948970794677734,51.33483123779297,3.1357600688934326,65.07283782958984,6.744155883789063,12.7,0.4318,30.01,,0.67,20.9,12.2
12.0,40.333333333333336,,700.35009765625,59.27322006225586,42.5288200378418,2.539789915084839,40.72299957275391,6.796745777130127,13.33,0.4532199999999999,30.01,,1.9,26.1,13.3
14.0,50.333333333333336,,700.2205810546875,63.73130035400391,20.90072059631348,2.5134050846099854,36.25273132324219,6.759663105010986,12.53,0.4260199999999999,30.02,,4.0,21.9,9.6
16.0,56.53333333333333,,700.680419921875,33.34029006958008,51.60565948486328,2.6600000858306885,66.51481628417969,6.74921178817749,12.53,0.4260199999999999,29.99,,0.0,0.0,5.7
18.0,41.96666666666667,,699.9307250976562,64.64585876464844,32.77103042602539,2.503726005554199,35.36214065551758,6.777866840362549,12.84,0.43656,30.01,,0.0,0.0,4.7
20.0,48.23333333333333,,699.8776245117188,57.7624397277832,31.29303932189941,2.545185089111328,42.30455017089844,6.752583980560303,14.77,0.50218,30.01,,0.0,0.0,1.1
22.0,54.76666666666667,210.5,699.959716796875,40.048561096191406,46.03419876098633,2.650986909866333,59.854129791259766,6.71044397354126,16.98,0.5773199999999999,30.0,,0.0,0.0,0.0
24.0,61.2,220.5,699.9160766601562,29.608530044555664,35.71152114868164,2.9925730228424072,70.42933654785156,6.712130069732666,19.53,0.66402,30.01,,,,
26.0,,,700.18017578125,33.168399810791016,42.85382843017578,2.8321919441223145,66.85781860351562,6.713140964508057,19.53,0.66402,29.99,,1.4,8.8,0.0
28.0,80.4,215.5,699.95068359375,44.978981018066406,38.86867904663086,2.5597410202026367,55.02088928222656,6.700331211090088,19.53,0.66402,30.0,,,,
30.0,,,699.9005737304688,46.97542953491211,42.12643814086914,2.59431791305542,53.022830963134766,6.740109920501709,14.31,0.48654,30.0,,0.007,7.9,
32.0,153.0,221.5,700.3134155273438,54.68706130981445,46.83897018432617,2.568645000457764,45.303619384765625,6.718197822570801,14.31,0.48654,29.98,,,,
34.0,,,699.8394775390625,59.51839828491211,47.04790115356445,2.5071849822998047,40.445709228515625,6.746179103851318,14.31,0.48654,29.99,,0.001,0.0,
36.0,166.3,225.5,700.19482421875,59.042510986328125,36.90319061279297,2.520116090774536,40.9599494934082,6.721231937408447,14.31,0.48654,30.0,,,,
38.0,,,699.9573974609375,60.50851058959961,43.41096878051758,2.513314008712769,39.48670959472656,6.701679229736328,14.31,0.48654,29.99,,0.001,0.0,
40.0,166.0,221.5,699.6322021484375,61.55622863769531,42.42049026489258,2.4908690452575684,38.40668869018555,6.703028202056885,14.31,0.48654,30.0,,,,
42.0,,,700.4119262695312,63.74123001098633,41.4609603881836,2.49170994758606,36.25656127929688,6.697970867156982,14.31,0.48654,30.0,,0.001,0.0,
44.0,177.3,260.5,699.9052124023438,65.75250244140625,35.804378509521484,2.4791131019592285,34.25189971923828,6.736064910888672,14.31,0.48654,30.0,,,,
46.0,,,699.85498046875,76.01377868652344,38.55915832519531,2.4422860145568848,24.00118064880371,6.752921104431152,9.96,0.33864,29.99,,0.0015,0.0,
48.0,167.33,207.5,699.7739868164062,66.29501342773438,38.89963912963867,2.503870964050293,33.703651428222656,6.719545841217041,9.96,0.33864,30.01,,0.0012,1.8,
0.0,0.330666666666667,,1184.748046875,100.0,99.3602905273437,5.00000095367432,0.0,6.40255784988403,0.0,0.0,30.04,,,,
2.0,0.459,,1185.23999023437,100.0,98.2459716796875,5.00000095367432,0.0,6.39742803573608,0.0,0.0,30.05,,,,
4.0,0.756666666666667,,1185.07202148437,100.0,96.3750228881836,5.00000095367432,0.0,6.39366579055786,0.0,0.0,29.96,,,,
6.0,2.26666666666667,,1185.00805664062,100.0,87.61865234375,5.00000095367432,0.0,6.39776992797852,0.0,0.0,29.99,,,,
8.0,5.52666666666667,,1185.04797363281,100.0,73.7240295410156,5.00000095367432,0.0,6.37177801132202,0.0,0.0,30.02,,,,
10.0,11.9,,1185.17700195312,100.0,42.7637901306152,5.00000095367432,0.0,6.19941186904907,0.0,0.0,30.03,2.44,,15.7,34.6
10.5,16.9666666666667,51.4999999999999,1185.07104492187,100.0,40.6589584350586,4.99999904632568,0.0,6.31192922592163,7.7,0.2618,30.0,0.0,,8.14,34.3
12.5,34.3666666666667,75.5,1185.15502929687,100.0,45.6183815002441,5.00000095367432,0.0,6.20112180709839,11.4,0.3876,30.01,0.0,,0.46,31.05
14.5,39.7666666666667,88.5,1185.05395507812,99.368049621582,34.9704208374023,4.99999904632568,0.6409912109375,6.22813892364502,17.2,0.5848,29.99,,-0.0351,0.51,27.03
16.5,48.7666666666667,109.5,1185.01501464844,92.1411666870117,47.5306091308594,4.99350500106812,7.84983110427856,6.28320121765137,25.6,0.8704,30.01,,1.2031,0.69,18.83
18.5,52.2,151.0,1185.18298339844,97.844970703125,40.074291229248,5.00000095367432,2.15253090858459,6.22437810897827,17.9,0.6086,30.0,,2.60152,0.75,16.59
20.5,54.4666666666667,164.5,1185.38696289062,90.5946731567383,40.3769416809082,5.0,9.40479278564453,6.2804651260376,17.9,0.6086,30.02,,2.02996,1.91,12.44
22.5,62.2,195.0,1184.72094726562,98.7522506713867,36.7657203674316,6.31658697128296,1.25159502029419,6.23805809020996,17.9,0.6086,29.98,,-0.04202,0.43,6.46
24.0,63.5333333333333,199.5,1185.43103027344,99.0133209228516,41.8351898193359,6.34343814849854,0.982318878173828,6.21206617355347,20.6,0.7004,28.79,,-0.04073,0.95,3.26
28.0,73.6666666666667,200.0,1184.9169921875,98.4216613769531,39.8541793823242,18.4400005340576,1.57843005657196,6.23976802825928,20.6,0.7004,26.01,,2.92996,1.25,0.05
32.0,76.0666666666667,241.5,1184.88000488281,99.6262130737305,40.0949211120605,7.71913623809814,0.378139495849609,6.20693588256836,12.5,0.425,26.01,,1.71564,2.12,-0.07
36.0,93.0666666666667,232.5,1185.0849609375,99.7210083007812,37.0339813232422,5.00000095367432,0.285453796386719,6.31842708587646,12.5,0.425,26.0,,3.2145,1.53,-0.03
40.0,87.6666666666667,207.0,1184.97595214844,100.0,45.4051399230957,4.99999904632568,0.0,6.20727777481079,12.5,0.425,26.01,,5.29628,1.9,-0.02
44.0,90.2666666666667,213.0,1185.00695800781,100.0,46.7533302307129,4.99999904632568,0.0,6.20077991485596,12.5,0.425,25.97,,7.85257,2.06,0.0
48.0,81.9333333333333,210.0,1184.7490234375,100.0,48.4592094421387,5.00000095367432,0.0,6.26746892929077,7.44,0.25296,26.0,,5.03081,2.19,-0.02
0.0,0.401666666666667,,1185.21899414062,100.0,99.337516784668,4.99999904632568,0.0,6.34506607055664,0.0,0.0,30.09,,,,
2.0,0.475333333333333,,1185.05700683594,100.0,97.9916305541992,4.99999904632568,0.0,6.38378477096558,0.0,0.0,30.03,,,,
4.0,0.775,,1185.4990234375,100.0,96.1297073364258,4.99999904632568,0.0,6.39035987854004,0.0,0.0,30.01,,,,
6.0,2.62,,1185.38195800781,100.0,88.1659698486328,4.99999904632568,0.0,6.39547395706177,0.0,0.0,29.9,,,,
8.0,5.8,,1184.72705078125,100.0,77.0292892456055,5.00000095367432,0.0,6.38415098190308,0.0,0.0,30.0,,,,
10.0,13.2666666666667,,1185.51696777344,100.0,53.0962409973145,5.00000095367432,0.0,6.19822597503662,0.0,0.0,30.13,1.9,,14.28,33.03
10.5,17.3666666666667,55.5,1184.61999511719,100.0,58.2566299438477,5.00000095367432,0.0,6.39109086990356,7.7,0.2618,30.03,0.0,,8.23,33.6
12.5,28.0333333333333,79.4999999999999,1185.04504394531,100.0,62.6708488464355,5.00000095367432,0.0,6.24205923080444,11.4,0.3876,30.01,0.0,,0.33,31.12
14.5,38.1666666666667,94.5,1185.27905273437,100.0,51.2133903503418,5.00000095367432,0.0,6.21100997924805,17.2,0.5848,29.99,,-0.0351,0.53,24.5
16.5,47.1666666666667,128.5,1185.32995605469,99.3651580810547,40.0906600952148,5.00000095367432,0.633682310581207,6.20187902450562,25.55,0.8687,30.01,,0.04202,0.49,21.65
18.5,51.6666666666667,145.5,1184.95104980469,99.6239166259766,39.972110748291,4.99994707107544,0.376258909702301,6.20480108261108,17.9,0.6086,30.0,,-0.04009,0.27,19.16
20.5,56.7333333333333,154.0,1185.14697265625,100.0,44.8186912536621,5.00000095367432,0.0,6.25374698638916,17.9,0.6086,30.01,,-0.00918,0.25,15.79
22.5,64.0666666666667,180.5,1184.80798339844,100.0,45.8995780944824,5.00000095367432,0.0,6.26470613479614,17.9,0.6086,29.99,,-0.04202,0.18,12.55
24.0,64.6666666666667,183.0,1185.35595703125,100.0,44.1562118530273,5.00000095367432,0.0,6.22744798660278,17.9,0.6086,28.89,,-0.04073,0.6,10.28
28.0,68.9333333333333,213.0,1184.98706054687,96.6452713012695,39.6792182922363,4.96568012237549,3.35512208938599,6.21539402008057,20.6,0.7004,26.02,,-0.04009,0.4,2.07
32.0,81.8,195.5,1185.11206054687,99.8134002685547,40.6206398010254,4.99999904632568,0.187912002205849,6.24205923080444,12.5,0.425,26.01,,-0.0433,0.64,0.31
36.0,87.8,213.0,1185.14196777344,99.5355987548828,40.7810287475586,4.97529792785645,0.46337890625,6.24132776260376,12.5,0.425,26.01,,-0.09183,0.69,-0.1
40.0,78.9333333333333,194.0,1185.36206054687,97.6877899169922,40.1673698425293,4.87517499923706,2.31234407424927,6.23438787460327,12.5,0.425,25.99,,0.03061,1.04,0.04
44.0,77.5333333333333,197.0,1185.42602539062,95.5555572509766,39.6304092407227,4.77194213867187,4.44769716262817,6.21721982955933,12.5,0.425,25.99,,-0.02143,1.24,-0.03
48.0,74.2666666666667,200.0,1184.94799804687,99.6538772583008,40.3068389892578,4.95984888076782,0.345649689435959,6.21393299102783,8.75,0.2975,26.0,,-0.04458,1.2,-0.07
0.0,0.255,,1186.04504394531,100.0,100.435897827148,5.00000095367432,0.0,6.33203887939453,0.0,0.0,30.08,,,,
2.0,0.433666666666667,,1184.78405761719,100.0,99.064826965332,5.00000095367432,0.0,6.38373804092407,0.0,0.0,29.99,,,,
4.0,0.684333333333333,,1184.61694335937,100.0,97.1874465942383,5.00000095367432,0.0,6.39356803894043,0.0,0.0,30.0,,,,
6.0,2.83666666666667,,1184.86303710937,100.0,87.0974502563477,5.00000095367432,0.0,6.3830099105835,0.0,0.0,30.0,,,,
8.0,6.02,,1184.97399902344,100.0,71.4034576416016,5.00000095367432,0.0,6.39939403533936,0.0,0.0,29.99,,,,
10.0,14.1666666666667,,1184.31604003906,98.2475433349609,55.336799621582,4.97325992584229,1.69600701332092,6.24830102920532,0.0,0.0,29.95,1.44,,12.99,35.75
10.5,17.2666666666667,54.4999999999999,1185.98999023437,100.0,42.3569107055664,4.99999904632568,0.0,6.35534000396729,7.7,0.2618,30.03,0.01,,8.89,32.79
12.5,28.8,100.5,1184.48400878906,99.4092636108398,40.5639190673828,4.99999904632568,0.590736389160156,6.23264598846436,11.4,0.3876,30.02,0.0,,0.53,29.11
14.5,45.7666666666667,122.0,1184.93603515625,95.6787719726562,35.0091400146484,4.89882898330688,4.32745409011841,6.21844720840454,17.18,0.58412,29.99,,-0.03304,0.48,20.86
16.5,53.4666666666667,161.0,1184.98901367187,86.7359313964844,39.2560806274414,5.11892414093018,13.2646503448486,6.25048494338989,25.6,0.8704,30.01,,4.52468,0.83,16.74
18.5,53.4666666666667,161.0,1185.09899902344,89.3373031616211,39.0662307739258,5.03420877456665,10.6656303405762,6.20133495330811,17.9,0.6086,30.0,,12.94958,1.25,14.64
20.5,64.7666666666667,202.5,1184.85498046875,75.2459564208984,46.1819686889648,3.68008303642273,24.746639251709,6.34223318099976,17.9,0.6086,29.97,,4.91726,11.91,4.64
22.5,71.8,214.0,1184.74499511719,76.0711975097656,25.9175891876221,3.61788010597229,23.9465999603271,6.29708814620972,17.9,0.6086,30.04,,1.9287,23.26,0.23
24.0,76.8666666666667,220.0,1184.98400878906,81.5822372436523,44.037410736084,3.67672395706177,18.4137706756592,6.26723289489746,17.9,0.6086,28.21,,3.46816,5.41,0.05
28.0,75.4,203.5,1184.64904785156,91.5475769042969,40.2264099121094,3.86066102981567,8.4521369934082,6.24393177032471,12.5,0.425,26.01,,22.45501,2.82,0.01
32.0,86.6666666666667,221.0,1184.98095703125,97.5883865356445,39.340461730957,5.00901508331299,2.41243004798889,6.26941776275635,10.6,0.3604,25.99,,26.79141,11.24,0.0
36.0,94.6666666666667,217.5,1184.92004394531,100.0,44.5717887878418,4.99999904632568,0.0,6.25631093978882,9.01,0.30634,25.98,,29.35913,21.21,0.0
40.0,89.2,208.0,1185.13195800781,100.0,43.5873985290527,4.99999904632568,0.0,6.21007299423218,7.66,0.26044,25.99,,29.78772,26.64,-0.06
44.0,89.3333333333333,218.5,1185.58898925781,100.0,47.243709564209,4.99999904632568,0.0,6.26614093780518,6.51,0.22134,26.01,,28.174,34.22,-0.11
48.0,87.3,231.0,1184.46496582031,100.0,54.8867988586426,5.00000095367432,0.0,6.28143215179443,0.0,0.0,26.0,,23.74438,65.84,-0.09
0.0,0.378666666666667,,1184.80700683594,100.0,100.149398803711,5.00000095367432,0.0,6.34157180786133,0.0,0.0,30.01,,,,
2.0,0.378666666666667,,1184.873046875,100.0,98.9965896606445,5.00000095367432,0.0,6.34157180786133,0.0,0.0,29.99,,,,
4.0,0.779666666666667,,1185.26000976562,100.0,96.93994140625,5.00000095367432,0.0,6.38394498825073,0.0,0.0,30.03,,,,
6.0,2.32333333333333,,1184.75598144531,100.0,86.8915481567383,5.00000095367432,0.0,6.38625621795654,0.0,0.0,30.03,,,,
8.0,5.95,,1184.80200195312,100.0,71.8331909179687,5.00000095367432,0.0,6.39781188964844,0.0,0.0,30.0,,,,
10.0,12.5666666666667,,1185.88305664062,100.0,40.6703681945801,4.99999904632568,0.0,6.20366716384888,0.0,0.0,30.02,2.07,,17.21,30.94
10.5,16.3333333333333,55.5,1185.03894042969,99.8460998535156,41.4531707763672,4.99999904632568,0.160625502467155,6.36198806762695,7.7,0.2618,30.01,0.0,,11.16,32.07
12.5,28.9,82.0,1185.57702636719,99.4239196777344,37.3825798034668,4.77965021133423,0.568324983119965,6.20829010009766,11.4,0.3876,30.0,0.0,,0.43,29.1
14.5,46.0666666666667,115.5,1184.69299316406,100.0,51.5656089782715,4.99991178512573,0.0,6.25682592391968,17.18,0.58412,29.95,,-0.03817,0.35,21.25
16.5,50.9,150.5,1184.89904785156,92.610481262207,39.3111305236816,4.68319177627563,7.39040803909302,6.22215700149536,25.6,0.8704,30.01,,5.33808,0.63,17.66
18.5,52.0,154.5,1185.041015625,93.4553375244141,39.9160308837891,4.58943605422974,6.54475784301758,6.25374507904053,17.9,0.6086,30.0,,12.69809,0.55,15.6
20.5,62.0333333333333,196.0,1185.208984375,84.2970123291016,46.0219192504883,4.44288492202759,15.7253398895264,6.19018507003784,17.9,0.6086,29.96,,4.19752,7.06,5.46
22.5,72.0666666666667,220.0,1184.71203613281,86.6350708007812,42.4779396057129,4.4574408531189,13.3618803024292,6.39087915420532,17.9,0.6086,30.01,,0.015307,6.95,0.42
24.0,77.0,212.5,1184.8759765625,87.3805389404297,41.8089904785156,4.51915597915649,12.6172199249268,6.27377510070801,17.9,0.6086,28.7,,-0.04202,2.63,0.03
28.0,77.8,207.5,1184.94702148437,94.142822265625,40.3430099487305,4.51643991470337,5.85710096359253,6.20636415481567,12.5,0.425,26.01,,15.86059,2.17,-0.01
32.0,83.6,207.5,1184.91296386719,99.5764923095703,40.8909797668457,4.79337882995605,0.422386199235916,6.19442176818848,10.6,0.3604,25.99,,19.2027,4.02,-0.01
36.0,87.4,208.5,1184.80004882812,99.456672668457,40.1793403625488,4.71177196502686,0.543087005615234,6.22600889205933,9.01,0.30634,26.0,,18.39921,2.78,-0.02
40.0,93.2666666666667,217.5,1184.57495117187,99.6546936035156,40.5920906066895,4.85025596618652,0.344493895769119,6.21483898162842,7.66,0.26044,26.01,,16.13374,4.1,-0.03
44.0,93.4,216.5,1185.46398925781,99.543571472168,37.0694618225098,4.8005199432373,0.463291198015213,6.22100210189819,6.32,0.21488,25.98,,11.67324,4.84,-0.11
48.0,86.9333333333333,220.5,1185.41394042969,99.5956115722656,38.5639114379883,4.99667310714722,0.405830413103104,6.22292804718018,5.37,0.18258,25.99,,7.95756,4.1,-0.09
